Upgrading pip/setuptools/wheel...
Requirement already satisfied: pip in ./.venv/lib/python3.12/site-packages (26.1.2)
Requirement already satisfied: setuptools in ./.venv/lib/python3.12/site-packages (82.0.1)
Requirement already satisfied: wheel in ./.venv/lib/python3.12/site-packages (0.47.0)
Requirement already satisfied: packaging>=24.0 in ./.venv/lib/python3.12/site-packages (from wheel) (26.2)
Installing requirements.txt...
Requirement already satisfied: websockets>=11.0 in ./.venv/lib/python3.12/site-packages (from -r requirements.txt (line 1)) (16.0)
Requirement already satisfied: magenta-rt>=2.0.2 in ./.venv/lib/python3.12/site-packages (from magenta-rt[mlx]>=2.0.2->-r requirements.txt (line 2)) (2.0.2)
Requirement already satisfied: sounddevice>=0.4.8 in ./.venv/lib/python3.12/site-packages (from -r requirements.txt (line 3)) (0.5.5)
Requirement already satisfied: numpy>=1.24 in ./.venv/lib/python3.12/site-packages (from -r requirements.txt (line 4)) (2.3.5)
Requirement already satisfied: ai-edge-litert in ./.venv/lib/python3.12/site-packages (from magenta-rt>=2.0.2->magenta-rt[mlx]>=2.0.2->-r requirements.txt (line 2)) (2.1.5)
Requirement already satisfied: click in ./.venv/lib/python3.12/site-packages (from magenta-rt>=2.0.2->magenta-rt[mlx]>=2.0.2->-r requirements.txt (line 2)) (8.4.1)
Requirement already satisfied: scipy in ./.venv/lib/python3.12/site-packages (from magenta-rt>=2.0.2->magenta-rt[mlx]>=2.0.2->-r requirements.txt (line 2)) (1.17.1)
Requirement already satisfied: einops in ./.venv/lib/python3.12/site-packages (from magenta-rt>=2.0.2->magenta-rt[mlx]>=2.0.2->-r requirements.txt (line 2)) (0.8.2)
Requirement already satisfied: safetensors in ./.venv/lib/python3.12/site-packages (from magenta-rt>=2.0.2->magenta-rt[mlx]>=2.0.2->-r requirements.txt (line 2)) (0.7.0)
Requirement already satisfied: typeguard==2.13.3 in ./.venv/lib/python3.12/site-packages (from magenta-rt>=2.0.2->magenta-rt[mlx]>=2.0.2->-r requirements.txt (line 2)) (2.13.3)
Requirement already satisfied: jaxtyping in ./.venv/lib/python3.12/site-packages (from magenta-rt>=2.0.2->magenta-rt[mlx]>=2.0.2->-r requirements.txt (line 2)) (0.3.10)
Requirement already satisfied: recurrentgemma>=1.0.1 in ./.venv/lib/python3.12/site-packages (from recurrentgemma[jax]>=1.0.1->magenta-rt>=2.0.2->magenta-rt[mlx]>=2.0.2->-r requirements.txt (line 2)) (1.0.1)
Requirement already satisfied: google-cloud-storage in ./.venv/lib/python3.12/site-packages (from magenta-rt>=2.0.2->magenta-rt[mlx]>=2.0.2->-r requirements.txt (line 2)) (3.11.0)
Requirement already satisfied: huggingface_hub in ./.venv/lib/python3.12/site-packages (from magenta-rt>=2.0.2->magenta-rt[mlx]>=2.0.2->-r requirements.txt (line 2)) (1.18.0)
Requirement already satisfied: simple-term-menu in ./.venv/lib/python3.12/site-packages (from magenta-rt>=2.0.2->magenta-rt[mlx]>=2.0.2->-r requirements.txt (line 2)) (1.6.6)
Requirement already satisfied: librosa in ./.venv/lib/python3.12/site-packages (from magenta-rt>=2.0.2->magenta-rt[mlx]>=2.0.2->-r requirements.txt (line 2)) (0.11.0)
Requirement already satisfied: resampy in ./.venv/lib/python3.12/site-packages (from magenta-rt>=2.0.2->magenta-rt[mlx]>=2.0.2->-r requirements.txt (line 2)) (0.4.3)
Requirement already satisfied: sentencepiece in ./.venv/lib/python3.12/site-packages (from magenta-rt>=2.0.2->magenta-rt[mlx]>=2.0.2->-r requirements.txt (line 2)) (0.2.1)
Requirement already satisfied: soundfile in ./.venv/lib/python3.12/site-packages (from magenta-rt>=2.0.2->magenta-rt[mlx]>=2.0.2->-r requirements.txt (line 2)) (0.13.1)
Requirement already satisfied: cffi in ./.venv/lib/python3.12/site-packages (from sounddevice>=0.4.8->-r requirements.txt (line 3)) (2.0.0)
Requirement already satisfied: mlx in ./.venv/lib/python3.12/site-packages (from magenta-rt[mlx]>=2.0.2->-r requirements.txt (line 2)) (0.31.2)
Requirement already satisfied: flax in ./.venv/lib/python3.12/site-packages (from magenta-rt[mlx]>=2.0.2->-r requirements.txt (line 2)) (0.12.7)
Requirement already satisfied: typing_extensions in ./.venv/lib/python3.12/site-packages (from magenta-rt[mlx]>=2.0.2->-r requirements.txt (line 2)) (4.15.0)
Requirement already satisfied: absl-py<2,>=1 in ./.venv/lib/python3.12/site-packages (from recurrentgemma>=1.0.1->recurrentgemma[jax]>=1.0.1->magenta-rt>=2.0.2->magenta-rt[mlx]>=2.0.2->-r requirements.txt (line 2)) (1.4.0)
Requirement already satisfied: wadler-lindig>=0.1.3 in ./.venv/lib/python3.12/site-packages (from jaxtyping->magenta-rt>=2.0.2->magenta-rt[mlx]>=2.0.2->-r requirements.txt (line 2)) (0.1.7)
Requirement already satisfied: jax>=0.9.0 in ./.venv/lib/python3.12/site-packages (from recurrentgemma[jax]>=1.0.1->magenta-rt>=2.0.2->magenta-rt[mlx]>=2.0.2->-r requirements.txt (line 2)) (0.10.1)
Requirement already satisfied: orbax-checkpoint>=0.1.7 in ./.venv/lib/python3.12/site-packages (from recurrentgemma[jax]>=1.0.1->magenta-rt>=2.0.2->magenta-rt[mlx]>=2.0.2->-r requirements.txt (line 2)) (0.12.0)
Requirement already satisfied: msgpack in ./.venv/lib/python3.12/site-packages (from flax->magenta-rt[mlx]>=2.0.2->-r requirements.txt (line 2)) (1.1.2)
Requirement already satisfied: optax in ./.venv/lib/python3.12/site-packages (from flax->magenta-rt[mlx]>=2.0.2->-r requirements.txt (line 2)) (0.2.8)
Requirement already satisfied: tensorstore in ./.venv/lib/python3.12/site-packages (from flax->magenta-rt[mlx]>=2.0.2->-r requirements.txt (line 2)) (0.1.84)
Requirement already satisfied: rich>=11.1 in ./.venv/lib/python3.12/site-packages (from flax->magenta-rt[mlx]>=2.0.2->-r requirements.txt (line 2)) (15.0.0)
Requirement already satisfied: PyYAML>=5.4.1 in ./.venv/lib/python3.12/site-packages (from flax->magenta-rt[mlx]>=2.0.2->-r requirements.txt (line 2)) (6.0.3)
Requirement already satisfied: treescope>=0.1.7 in ./.venv/lib/python3.12/site-packages (from flax->magenta-rt[mlx]>=2.0.2->-r requirements.txt (line 2)) (0.1.10)
Requirement already satisfied: jaxlib<=0.10.1,>=0.10.1 in ./.venv/lib/python3.12/site-packages (from jax>=0.9.0->recurrentgemma[jax]>=1.0.1->magenta-rt>=2.0.2->magenta-rt[mlx]>=2.0.2->-r requirements.txt (line 2)) (0.10.1)
Requirement already satisfied: ml_dtypes>=0.5.0 in ./.venv/lib/python3.12/site-packages (from jax>=0.9.0->recurrentgemma[jax]>=1.0.1->magenta-rt>=2.0.2->magenta-rt[mlx]>=2.0.2->-r requirements.txt (line 2)) (0.5.4)
Requirement already satisfied: opt_einsum in ./.venv/lib/python3.12/site-packages (from jax>=0.9.0->recurrentgemma[jax]>=1.0.1->magenta-rt>=2.0.2->magenta-rt[mlx]>=2.0.2->-r requirements.txt (line 2)) (3.4.0)
Requirement already satisfied: etils[epath,epy] in ./.venv/lib/python3.12/site-packages (from orbax-checkpoint>=0.1.7->recurrentgemma[jax]>=1.0.1->magenta-rt>=2.0.2->magenta-rt[mlx]>=2.0.2->-r requirements.txt (line 2)) (1.14.0)
Requirement already satisfied: prometheus-client>=0.20.0 in ./.venv/lib/python3.12/site-packages (from orbax-checkpoint>=0.1.7->recurrentgemma[jax]>=1.0.1->magenta-rt>=2.0.2->magenta-rt[mlx]>=2.0.2->-r requirements.txt (line 2)) (0.25.0)
Requirement already satisfied: aiofiles in ./.venv/lib/python3.12/site-packages (from orbax-checkpoint>=0.1.7->recurrentgemma[jax]>=1.0.1->magenta-rt>=2.0.2->magenta-rt[mlx]>=2.0.2->-r requirements.txt (line 2)) (25.1.0)
Requirement already satisfied: protobuf in ./.venv/lib/python3.12/site-packages (from orbax-checkpoint>=0.1.7->recurrentgemma[jax]>=1.0.1->magenta-rt>=2.0.2->magenta-rt[mlx]>=2.0.2->-r requirements.txt (line 2)) (7.35.0)
Requirement already satisfied: humanize in ./.venv/lib/python3.12/site-packages (from orbax-checkpoint>=0.1.7->recurrentgemma[jax]>=1.0.1->magenta-rt>=2.0.2->magenta-rt[mlx]>=2.0.2->-r requirements.txt (line 2)) (4.15.0)
Requirement already satisfied: simplejson>=3.16.0 in ./.venv/lib/python3.12/site-packages (from orbax-checkpoint>=0.1.7->recurrentgemma[jax]>=1.0.1->magenta-rt>=2.0.2->magenta-rt[mlx]>=2.0.2->-r requirements.txt (line 2)) (4.1.1)
Requirement already satisfied: psutil in ./.venv/lib/python3.12/site-packages (from orbax-checkpoint>=0.1.7->recurrentgemma[jax]>=1.0.1->magenta-rt>=2.0.2->magenta-rt[mlx]>=2.0.2->-r requirements.txt (line 2)) (7.2.2)
Requirement already satisfied: uvloop in ./.venv/lib/python3.12/site-packages (from orbax-checkpoint>=0.1.7->recurrentgemma[jax]>=1.0.1->magenta-rt>=2.0.2->magenta-rt[mlx]>=2.0.2->-r requirements.txt (line 2)) (0.22.1)
Requirement already satisfied: markdown-it-py>=2.2.0 in ./.venv/lib/python3.12/site-packages (from rich>=11.1->flax->magenta-rt[mlx]>=2.0.2->-r requirements.txt (line 2)) (4.2.0)
Requirement already satisfied: pygments<3.0.0,>=2.13.0 in ./.venv/lib/python3.12/site-packages (from rich>=11.1->flax->magenta-rt[mlx]>=2.0.2->-r requirements.txt (line 2)) (2.20.0)
Requirement already satisfied: mdurl~=0.1 in ./.venv/lib/python3.12/site-packages (from markdown-it-py>=2.2.0->rich>=11.1->flax->magenta-rt[mlx]>=2.0.2->-r requirements.txt (line 2)) (0.1.2)
Requirement already satisfied: backports.strenum in ./.venv/lib/python3.12/site-packages (from ai-edge-litert->magenta-rt>=2.0.2->magenta-rt[mlx]>=2.0.2->-r requirements.txt (line 2)) (1.3.1)
Requirement already satisfied: flatbuffers in ./.venv/lib/python3.12/site-packages (from ai-edge-litert->magenta-rt>=2.0.2->magenta-rt[mlx]>=2.0.2->-r requirements.txt (line 2)) (25.12.19)
Requirement already satisfied: tqdm in ./.venv/lib/python3.12/site-packages (from ai-edge-litert->magenta-rt>=2.0.2->magenta-rt[mlx]>=2.0.2->-r requirements.txt (line 2)) (4.68.1)
Requirement already satisfied: pycparser in ./.venv/lib/python3.12/site-packages (from cffi->sounddevice>=0.4.8->-r requirements.txt (line 3)) (3.0)
Requirement already satisfied: fsspec in ./.venv/lib/python3.12/site-packages (from etils[epath,epy]->orbax-checkpoint>=0.1.7->recurrentgemma[jax]>=1.0.1->magenta-rt>=2.0.2->magenta-rt[mlx]>=2.0.2->-r requirements.txt (line 2)) (2026.4.0)
Requirement already satisfied: zipp in ./.venv/lib/python3.12/site-packages (from etils[epath,epy]->orbax-checkpoint>=0.1.7->recurrentgemma[jax]>=1.0.1->magenta-rt>=2.0.2->magenta-rt[mlx]>=2.0.2->-r requirements.txt (line 2)) (4.1.0)
Requirement already satisfied: google-auth<3.0.0,>=2.26.1 in ./.venv/lib/python3.12/site-packages (from google-cloud-storage->magenta-rt>=2.0.2->magenta-rt[mlx]>=2.0.2->-r requirements.txt (line 2)) (2.53.0)
Requirement already satisfied: google-api-core<3.0.0,>=2.27.0 in ./.venv/lib/python3.12/site-packages (from google-cloud-storage->magenta-rt>=2.0.2->magenta-rt[mlx]>=2.0.2->-r requirements.txt (line 2)) (2.31.0)
Requirement already satisfied: google-cloud-core<3.0.0,>=2.4.2 in ./.venv/lib/python3.12/site-packages (from google-cloud-storage->magenta-rt>=2.0.2->magenta-rt[mlx]>=2.0.2->-r requirements.txt (line 2)) (2.6.0)
Requirement already satisfied: google-resumable-media<3.0.0,>=2.7.2 in ./.venv/lib/python3.12/site-packages (from google-cloud-storage->magenta-rt>=2.0.2->magenta-rt[mlx]>=2.0.2->-r requirements.txt (line 2)) (2.10.0)
Requirement already satisfied: requests<3.0.0,>=2.22.0 in ./.venv/lib/python3.12/site-packages (from google-cloud-storage->magenta-rt>=2.0.2->magenta-rt[mlx]>=2.0.2->-r requirements.txt (line 2)) (2.34.2)
Requirement already satisfied: google-crc32c<2.0.0,>=1.6.0 in ./.venv/lib/python3.12/site-packages (from google-cloud-storage->magenta-rt>=2.0.2->magenta-rt[mlx]>=2.0.2->-r requirements.txt (line 2)) (1.8.0)
Requirement already satisfied: googleapis-common-protos<2.0.0,>=1.63.2 in ./.venv/lib/python3.12/site-packages (from google-api-core<3.0.0,>=2.27.0->google-cloud-storage->magenta-rt>=2.0.2->magenta-rt[mlx]>=2.0.2->-r requirements.txt (line 2)) (1.75.0)
Requirement already satisfied: proto-plus<2.0.0,>=1.24.0 in ./.venv/lib/python3.12/site-packages (from google-api-core<3.0.0,>=2.27.0->google-cloud-storage->magenta-rt>=2.0.2->magenta-rt[mlx]>=2.0.2->-r requirements.txt (line 2)) (1.28.0)
Requirement already satisfied: pyasn1-modules>=0.2.1 in ./.venv/lib/python3.12/site-packages (from google-auth<3.0.0,>=2.26.1->google-cloud-storage->magenta-rt>=2.0.2->magenta-rt[mlx]>=2.0.2->-r requirements.txt (line 2)) (0.4.2)
Requirement already satisfied: cryptography>=38.0.3 in ./.venv/lib/python3.12/site-packages (from google-auth<3.0.0,>=2.26.1->google-cloud-storage->magenta-rt>=2.0.2->magenta-rt[mlx]>=2.0.2->-r requirements.txt (line 2)) (48.0.0)
Requirement already satisfied: charset_normalizer<4,>=2 in ./.venv/lib/python3.12/site-packages (from requests<3.0.0,>=2.22.0->google-cloud-storage->magenta-rt>=2.0.2->magenta-rt[mlx]>=2.0.2->-r requirements.txt (line 2)) (3.4.7)
Requirement already satisfied: idna<4,>=2.5 in ./.venv/lib/python3.12/site-packages (from requests<3.0.0,>=2.22.0->google-cloud-storage->magenta-rt>=2.0.2->magenta-rt[mlx]>=2.0.2->-r requirements.txt (line 2)) (3.18)
Requirement already satisfied: urllib3<3,>=1.26 in ./.venv/lib/python3.12/site-packages (from requests<3.0.0,>=2.22.0->google-cloud-storage->magenta-rt>=2.0.2->magenta-rt[mlx]>=2.0.2->-r requirements.txt (line 2)) (2.7.0)
Requirement already satisfied: certifi>=2023.5.7 in ./.venv/lib/python3.12/site-packages (from requests<3.0.0,>=2.22.0->google-cloud-storage->magenta-rt>=2.0.2->magenta-rt[mlx]>=2.0.2->-r requirements.txt (line 2)) (2026.5.20)
Requirement already satisfied: pyasn1<0.7.0,>=0.6.1 in ./.venv/lib/python3.12/site-packages (from pyasn1-modules>=0.2.1->google-auth<3.0.0,>=2.26.1->google-cloud-storage->magenta-rt>=2.0.2->magenta-rt[mlx]>=2.0.2->-r requirements.txt (line 2)) (0.6.3)
Requirement already satisfied: filelock>=3.10.0 in ./.venv/lib/python3.12/site-packages (from huggingface_hub->magenta-rt>=2.0.2->magenta-rt[mlx]>=2.0.2->-r requirements.txt (line 2)) (3.29.1)
Requirement already satisfied: hf-xet<2.0.0,>=1.4.3 in ./.venv/lib/python3.12/site-packages (from huggingface_hub->magenta-rt>=2.0.2->magenta-rt[mlx]>=2.0.2->-r requirements.txt (line 2)) (1.5.0)
Requirement already satisfied: httpx<1,>=0.23.0 in ./.venv/lib/python3.12/site-packages (from huggingface_hub->magenta-rt>=2.0.2->magenta-rt[mlx]>=2.0.2->-r requirements.txt (line 2)) (0.28.1)
Requirement already satisfied: packaging>=20.9 in ./.venv/lib/python3.12/site-packages (from huggingface_hub->magenta-rt>=2.0.2->magenta-rt[mlx]>=2.0.2->-r requirements.txt (line 2)) (26.2)
Requirement already satisfied: typer<0.26.0,>=0.20.0 in ./.venv/lib/python3.12/site-packages (from huggingface_hub->magenta-rt>=2.0.2->magenta-rt[mlx]>=2.0.2->-r requirements.txt (line 2)) (0.25.1)
Requirement already satisfied: anyio in ./.venv/lib/python3.12/site-packages (from httpx<1,>=0.23.0->huggingface_hub->magenta-rt>=2.0.2->magenta-rt[mlx]>=2.0.2->-r requirements.txt (line 2)) (4.13.0)
Requirement already satisfied: httpcore==1.* in ./.venv/lib/python3.12/site-packages (from httpx<1,>=0.23.0->huggingface_hub->magenta-rt>=2.0.2->magenta-rt[mlx]>=2.0.2->-r requirements.txt (line 2)) (1.0.9)
Requirement already satisfied: h11>=0.16 in ./.venv/lib/python3.12/site-packages (from httpcore==1.*->httpx<1,>=0.23.0->huggingface_hub->magenta-rt>=2.0.2->magenta-rt[mlx]>=2.0.2->-r requirements.txt (line 2)) (0.16.0)
Requirement already satisfied: shellingham>=1.3.0 in ./.venv/lib/python3.12/site-packages (from typer<0.26.0,>=0.20.0->huggingface_hub->magenta-rt>=2.0.2->magenta-rt[mlx]>=2.0.2->-r requirements.txt (line 2)) (1.5.4)
Requirement already satisfied: annotated-doc>=0.0.2 in ./.venv/lib/python3.12/site-packages (from typer<0.26.0,>=0.20.0->huggingface_hub->magenta-rt>=2.0.2->magenta-rt[mlx]>=2.0.2->-r requirements.txt (line 2)) (0.0.4)
Requirement already satisfied: audioread>=2.1.9 in ./.venv/lib/python3.12/site-packages (from librosa->magenta-rt>=2.0.2->magenta-rt[mlx]>=2.0.2->-r requirements.txt (line 2)) (3.1.0)
Requirement already satisfied: numba>=0.51.0 in ./.venv/lib/python3.12/site-packages (from librosa->magenta-rt>=2.0.2->magenta-rt[mlx]>=2.0.2->-r requirements.txt (line 2)) (0.65.1)
Requirement already satisfied: scikit-learn>=1.1.0 in ./.venv/lib/python3.12/site-packages (from librosa->magenta-rt>=2.0.2->magenta-rt[mlx]>=2.0.2->-r requirements.txt (line 2)) (1.9.0)
Requirement already satisfied: joblib>=1.0 in ./.venv/lib/python3.12/site-packages (from librosa->magenta-rt>=2.0.2->magenta-rt[mlx]>=2.0.2->-r requirements.txt (line 2)) (1.5.3)
Requirement already satisfied: decorator>=4.3.0 in ./.venv/lib/python3.12/site-packages (from librosa->magenta-rt>=2.0.2->magenta-rt[mlx]>=2.0.2->-r requirements.txt (line 2)) (5.3.1)
Requirement already satisfied: pooch>=1.1 in ./.venv/lib/python3.12/site-packages (from librosa->magenta-rt>=2.0.2->magenta-rt[mlx]>=2.0.2->-r requirements.txt (line 2)) (1.9.0)
Requirement already satisfied: soxr>=0.3.2 in ./.venv/lib/python3.12/site-packages (from librosa->magenta-rt>=2.0.2->magenta-rt[mlx]>=2.0.2->-r requirements.txt (line 2)) (1.1.0)
Requirement already satisfied: lazy_loader>=0.1 in ./.venv/lib/python3.12/site-packages (from librosa->magenta-rt>=2.0.2->magenta-rt[mlx]>=2.0.2->-r requirements.txt (line 2)) (0.5)
Requirement already satisfied: llvmlite<0.48,>=0.47.0dev0 in ./.venv/lib/python3.12/site-packages (from numba>=0.51.0->librosa->magenta-rt>=2.0.2->magenta-rt[mlx]>=2.0.2->-r requirements.txt (line 2)) (0.47.0)
Requirement already satisfied: platformdirs>=2.5.0 in ./.venv/lib/python3.12/site-packages (from pooch>=1.1->librosa->magenta-rt>=2.0.2->magenta-rt[mlx]>=2.0.2->-r requirements.txt (line 2)) (4.10.0)
Requirement already satisfied: narwhals>=2.0.1 in ./.venv/lib/python3.12/site-packages (from scikit-learn>=1.1.0->librosa->magenta-rt>=2.0.2->magenta-rt[mlx]>=2.0.2->-r requirements.txt (line 2)) (2.22.1)
Requirement already satisfied: threadpoolctl>=3.5.0 in ./.venv/lib/python3.12/site-packages (from scikit-learn>=1.1.0->librosa->magenta-rt>=2.0.2->magenta-rt[mlx]>=2.0.2->-r requirements.txt (line 2)) (3.6.0)
Requirement already satisfied: mlx-metal==0.31.2 in ./.venv/lib/python3.12/site-packages (from mlx->magenta-rt[mlx]>=2.0.2->-r requirements.txt (line 2)) (0.31.2)
Starting backend server (press Ctrl-C to stop)...
/Users/IronTech/Documents/MusicLab/Dance-Driven-AI-Music/backend/main.py:36: DeprecationWarning: websockets.WebSocketServerProtocol is deprecated
  async def handle_connection(websocket: websockets.WebSocketServerProtocol) -> None:
[backend] 17:19:06 INFO: MagentaEngine: imported magenta_rt.
[backend] 17:19:07 INFO: Loading mlxfn: /Users/IronTech/Documents/Magenta/magenta-rt-v2/models/mrt2_base/mrt2_base.mlxfn
[backend] 17:19:07 INFO: Loaded 229 state arrays
[backend] 17:19:07 INFO: Warming up (5 steps)...
[backend] 17:19:08 INFO: Warm-up done (0.6s).
[backend] 17:19:08 INFO: MagentaEngine: connected to local MRT2 model using MagentaRT2Mlxfn.
[backend] 17:19:08 INFO: server listening on 127.0.0.1:8765
[backend] 17:19:08 INFO: WebSocket server listening on ws://localhost:8765
[backend] 17:19:10 INFO: connection open
[backend] 17:19:10 INFO: Frontend connected: ('127.0.0.1', 56064)
[backend] 17:19:11 INFO: danceState {'energy': 7.15, 'openness': 0.826, 'rotation': -0.124, 'smile': 0.0, 'mouthOpen': 0.09, 'leftArmHeight': 'LOW', 'rightArmHeight': 'LOW', 'gestureLeft': 'none', 'gestureRight': 'none', 'timestamp': 1780694351465}
[backend] 17:19:11 INFO: musicState {'rawEnergy': 7.15, 'normalizedEnergy': 1.0, 'density': 1.0, 'brightness': 0.826, 'tension': 0.1005, 'rhythmicActivity': 1.0, 'harmonyWidth': 0.826, 'gestureEvent': 'none', 'promptHints': ['energetic rhythm', 'bright open harmony']}
[backend] 17:19:11 INFO: MagentaEngine: control params density=1.000 brightness=0.826 tension=0.101 rhythmicActivity=1.000 harmonyWidth=0.826 gestureEvent=none prompt=energetic groove | bright open harmony | wide harmonic field | energetic rhythm | bright open harmony
INFO: Created TensorFlow Lite XNNPACK delegate for CPU.
[backend] 17:19:15 INFO: MagentaEngine: generated audio artifact mrt2_update_1780694355.wav (2.00s, 96000 samples).
[backend] 17:19:15 INFO: danceState {'energy': 7.15, 'openness': 0.826, 'rotation': -0.124, 'smile': 0.0, 'mouthOpen': 0.09, 'leftArmHeight': 'LOW', 'rightArmHeight': 'LOW', 'gestureLeft': 'none', 'gestureRight': 'none', 'timestamp': 1780694352466}
[backend] 17:19:15 INFO: musicState {'rawEnergy': 7.15, 'normalizedEnergy': 0.9403389830508475, 'density': 0.9403389830508475, 'brightness': 0.826, 'tension': 0.1005, 'rhythmicActivity': 0.9403389830508475, 'harmonyWidth': 0.826, 'gestureEvent': 'none', 'promptHints': ['energetic rhythm', 'bright open harmony']}
[backend] 17:19:15 INFO: MagentaEngine: control params density=0.940 brightness=0.826 tension=0.101 rhythmicActivity=0.940 harmonyWidth=0.826 gestureEvent=none prompt=energetic groove | bright open harmony | wide harmonic field | energetic rhythm | bright open harmony
[backend] 17:19:18 INFO: MagentaEngine: generated audio artifact mrt2_update_1780694358.wav (1.88s, 90240 samples).
[backend] 17:19:18 INFO: danceState {'energy': 7.15, 'openness': 0.826, 'rotation': -0.124, 'smile': 0.0, 'mouthOpen': 0.09, 'leftArmHeight': 'LOW', 'rightArmHeight': 'LOW', 'gestureLeft': 'none', 'gestureRight': 'none', 'timestamp': 1780694353464}
[backend] 17:19:18 INFO: musicState {'rawEnergy': 7.15, 'normalizedEnergy': 0.8854508474576273, 'density': 0.8854508474576273, 'brightness': 0.826, 'tension': 0.1005, 'rhythmicActivity': 0.8854508474576273, 'harmonyWidth': 0.826, 'gestureEvent': 'none', 'promptHints': ['energetic rhythm', 'bright open harmony']}
[backend] 17:19:18 INFO: MagentaEngine: control params density=0.885 brightness=0.826 tension=0.101 rhythmicActivity=0.885 harmonyWidth=0.826 gestureEvent=none prompt=energetic groove | bright open harmony | wide harmonic field | energetic rhythm | bright open harmony
[backend] 17:19:21 INFO: MagentaEngine: generated audio artifact mrt2_update_1780694361.wav (1.80s, 86400 samples).
[backend] 17:19:21 INFO: danceState {'energy': 7.15, 'openness': 0.826, 'rotation': -0.124, 'smile': 0.0, 'mouthOpen': 0.09, 'leftArmHeight': 'LOW', 'rightArmHeight': 'LOW', 'gestureLeft': 'none', 'gestureRight': 'none', 'timestamp': 1780694354467}
[backend] 17:19:21 INFO: musicState {'rawEnergy': 7.15, 'normalizedEnergy': 0.8349537627118646, 'density': 0.8349537627118646, 'brightness': 0.826, 'tension': 0.1005, 'rhythmicActivity': 0.8349537627118646, 'harmonyWidth': 0.826, 'gestureEvent': 'none', 'promptHints': ['energetic rhythm', 'bright open harmony']}
[backend] 17:19:21 INFO: MagentaEngine: control params density=0.835 brightness=0.826 tension=0.101 rhythmicActivity=0.835 harmonyWidth=0.826 gestureEvent=none prompt=energetic groove | bright open harmony | wide harmonic field | energetic rhythm | bright open harmony
[backend] 17:19:24 INFO: MagentaEngine: generated audio artifact mrt2_update_1780694364.wav (1.72s, 82560 samples).
[backend] 17:19:24 INFO: danceState {'energy': 7.15, 'openness': 0.826, 'rotation': -0.124, 'smile': 0.0, 'mouthOpen': 0.09, 'leftArmHeight': 'LOW', 'rightArmHeight': 'LOW', 'gestureLeft': 'none', 'gestureRight': 'none', 'timestamp': 1780694355466}
[backend] 17:19:24 INFO: musicState {'rawEnergy': 7.15, 'normalizedEnergy': 0.788496444745763, 'density': 0.788496444745763, 'brightness': 0.826, 'tension': 0.1005, 'rhythmicActivity': 0.788496444745763, 'harmonyWidth': 0.826, 'gestureEvent': 'none', 'promptHints': ['energetic rhythm', 'bright open harmony']}
[backend] 17:19:24 INFO: MagentaEngine: control params density=0.788 brightness=0.826 tension=0.101 rhythmicActivity=0.788 harmonyWidth=0.826 gestureEvent=none prompt=energetic groove | bright open harmony | wide harmonic field | energetic rhythm | bright open harmony
[backend] 17:19:27 INFO: MagentaEngine: generated audio artifact mrt2_update_1780694367.wav (1.64s, 78720 samples).
[backend] 17:19:27 INFO: danceState {'energy': 7.15, 'openness': 0.826, 'rotation': -0.124, 'smile': 0.0, 'mouthOpen': 0.09, 'leftArmHeight': 'LOW', 'rightArmHeight': 'LOW', 'gestureLeft': 'none', 'gestureRight': 'none', 'timestamp': 1780694356466}
[backend] 17:19:27 INFO: musicState {'rawEnergy': 7.15, 'normalizedEnergy': 0.7457557122169495, 'density': 0.7457557122169495, 'brightness': 0.826, 'tension': 0.1005, 'rhythmicActivity': 0.7457557122169495, 'harmonyWidth': 0.826, 'gestureEvent': 'none', 'promptHints': ['energetic rhythm', 'bright open harmony']}
[backend] 17:19:27 INFO: MagentaEngine: control params density=0.746 brightness=0.826 tension=0.101 rhythmicActivity=0.746 harmonyWidth=0.826 gestureEvent=none prompt=energetic groove | bright open harmony | wide harmonic field | energetic rhythm | bright open harmony
[backend] 17:19:29 INFO: MagentaEngine: generated audio artifact mrt2_update_1780694369.wav (1.60s, 76800 samples).
[backend] 17:19:29 INFO: danceState {'energy': 7.15, 'openness': 0.826, 'rotation': -0.124, 'smile': 0.0, 'mouthOpen': 0.09, 'leftArmHeight': 'LOW', 'rightArmHeight': 'LOW', 'gestureLeft': 'none', 'gestureRight': 'none', 'timestamp': 1780694357465}
[backend] 17:19:29 INFO: musicState {'rawEnergy': 7.15, 'normalizedEnergy': 0.706434238290441, 'density': 0.706434238290441, 'brightness': 0.826, 'tension': 0.1005, 'rhythmicActivity': 0.706434238290441, 'harmonyWidth': 0.826, 'gestureEvent': 'none', 'promptHints': ['energetic rhythm', 'bright open harmony']}
[backend] 17:19:29 INFO: MagentaEngine: control params density=0.706 brightness=0.826 tension=0.101 rhythmicActivity=0.706 harmonyWidth=0.826 gestureEvent=none prompt=energetic groove | bright open harmony | wide harmonic field | energetic rhythm | bright open harmony
[backend] 17:19:32 INFO: MagentaEngine: generated audio artifact mrt2_update_1780694372.wav (1.52s, 72960 samples).
[backend] 17:19:32 INFO: danceState {'energy': 7.15, 'openness': 0.826, 'rotation': -0.124, 'smile': 0.0, 'mouthOpen': 0.09, 'leftArmHeight': 'LOW', 'rightArmHeight': 'LOW', 'gestureLeft': 'none', 'gestureRight': 'none', 'timestamp': 1780694358463}
[backend] 17:19:32 INFO: musicState {'rawEnergy': 7.15, 'normalizedEnergy': 0.6702584822780533, 'density': 0.6702584822780533, 'brightness': 0.826, 'tension': 0.1005, 'rhythmicActivity': 0.6702584822780533, 'harmonyWidth': 0.826, 'gestureEvent': 'none', 'promptHints': ['energetic rhythm', 'bright open harmony']}
[backend] 17:19:32 INFO: MagentaEngine: control params density=0.670 brightness=0.826 tension=0.101 rhythmicActivity=0.670 harmonyWidth=0.826 gestureEvent=none prompt=steady rhythmic pulse | bright open harmony | wide harmonic field | energetic rhythm | bright open harmony
[backend] 17:19:34 INFO: MagentaEngine: generated audio artifact mrt2_update_1780694374.wav (1.48s, 71040 samples).
[backend] 17:19:34 INFO: danceState {'energy': 7.15, 'openness': 0.826, 'rotation': -0.124, 'smile': 0.0, 'mouthOpen': 0.09, 'leftArmHeight': 'LOW', 'rightArmHeight': 'LOW', 'gestureLeft': 'none', 'gestureRight': 'none', 'timestamp': 1780694359465}
[backend] 17:19:34 INFO: musicState {'rawEnergy': 7.15, 'normalizedEnergy': 0.6369767867466565, 'density': 0.6369767867466565, 'brightness': 0.826, 'tension': 0.1005, 'rhythmicActivity': 0.6369767867466565, 'harmonyWidth': 0.826, 'gestureEvent': 'none', 'promptHints': ['moving rhythm', 'bright open harmony']}
[backend] 17:19:34 INFO: MagentaEngine: control params density=0.637 brightness=0.826 tension=0.101 rhythmicActivity=0.637 harmonyWidth=0.826 gestureEvent=none prompt=steady rhythmic pulse | bright open harmony | wide harmonic field | moving rhythm | bright open harmony
[backend] 17:19:36 INFO: MagentaEngine: generated audio artifact mrt2_update_1780694376.wav (1.44s, 69120 samples).
[backend] 17:19:36 INFO: danceState {'energy': 7.15, 'openness': 0.826, 'rotation': -0.124, 'smile': 0.0, 'mouthOpen': 0.09, 'leftArmHeight': 'LOW', 'rightArmHeight': 'LOW', 'gestureLeft': 'none', 'gestureRight': 'none', 'timestamp': 1780694360465}
[backend] 17:19:36 INFO: musicState {'rawEnergy': 7.15, 'normalizedEnergy': 0.6063576268577715, 'density': 0.6063576268577715, 'brightness': 0.826, 'tension': 0.1005, 'rhythmicActivity': 0.6063576268577715, 'harmonyWidth': 0.826, 'gestureEvent': 'none', 'promptHints': ['moving rhythm', 'bright open harmony']}
[backend] 17:19:36 INFO: MagentaEngine: control params density=0.606 brightness=0.826 tension=0.101 rhythmicActivity=0.606 harmonyWidth=0.826 gestureEvent=none prompt=steady rhythmic pulse | bright open harmony | wide harmonic field | moving rhythm | bright open harmony
[backend] 17:19:38 INFO: MagentaEngine: generated audio artifact mrt2_update_1780694378.wav (1.40s, 67200 samples).
[backend] 17:19:38 INFO: danceState {'energy': 7.15, 'openness': 0.826, 'rotation': -0.124, 'smile': 0.0, 'mouthOpen': 0.09, 'leftArmHeight': 'LOW', 'rightArmHeight': 'LOW', 'gestureLeft': 'none', 'gestureRight': 'none', 'timestamp': 1780694361463}
[backend] 17:19:38 INFO: musicState {'rawEnergy': 7.15, 'normalizedEnergy': 0.5781879997599972, 'density': 0.5781879997599972, 'brightness': 0.826, 'tension': 0.1005, 'rhythmicActivity': 0.5781879997599972, 'harmonyWidth': 0.826, 'gestureEvent': 'none', 'promptHints': ['moving rhythm', 'bright open harmony']}
[backend] 17:19:38 INFO: MagentaEngine: control params density=0.578 brightness=0.826 tension=0.101 rhythmicActivity=0.578 harmonyWidth=0.826 gestureEvent=none prompt=steady rhythmic pulse | bright open harmony | wide harmonic field | moving rhythm | bright open harmony
[backend] 17:19:41 INFO: MagentaEngine: generated audio artifact mrt2_update_1780694381.wav (1.32s, 63360 samples).
[backend] 17:19:41 INFO: danceState {'energy': 7.15, 'openness': 0.826, 'rotation': -0.124, 'smile': 0.0, 'mouthOpen': 0.09, 'leftArmHeight': 'LOW', 'rightArmHeight': 'LOW', 'gestureLeft': 'none', 'gestureRight': 'none', 'timestamp': 1780694362463}
[backend] 17:19:41 INFO: musicState {'rawEnergy': 7.15, 'normalizedEnergy': 0.552271942830045, 'density': 0.552271942830045, 'brightness': 0.826, 'tension': 0.1005, 'rhythmicActivity': 0.552271942830045, 'harmonyWidth': 0.826, 'gestureEvent': 'none', 'promptHints': ['moving rhythm', 'bright open harmony']}
[backend] 17:19:41 INFO: MagentaEngine: control params density=0.552 brightness=0.826 tension=0.101 rhythmicActivity=0.552 harmonyWidth=0.826 gestureEvent=none prompt=steady rhythmic pulse | bright open harmony | wide harmonic field | moving rhythm | bright open harmony
[backend] 17:19:43 INFO: MagentaEngine: generated audio artifact mrt2_update_1780694383.wav (1.28s, 61440 samples).
[backend] 17:19:43 INFO: danceState {'energy': 7.15, 'openness': 0.826, 'rotation': -0.124, 'smile': 0.0, 'mouthOpen': 0.09, 'leftArmHeight': 'LOW', 'rightArmHeight': 'LOW', 'gestureLeft': 'none', 'gestureRight': 'none', 'timestamp': 1780694363463}
[backend] 17:19:43 INFO: musicState {'rawEnergy': 7.15, 'normalizedEnergy': 0.5284291704544889, 'density': 0.5284291704544889, 'brightness': 0.826, 'tension': 0.1005, 'rhythmicActivity': 0.5284291704544889, 'harmonyWidth': 0.826, 'gestureEvent': 'none', 'promptHints': ['moving rhythm', 'bright open harmony']}
[backend] 17:19:43 INFO: MagentaEngine: control params density=0.528 brightness=0.826 tension=0.101 rhythmicActivity=0.528 harmonyWidth=0.826 gestureEvent=none prompt=steady rhythmic pulse | bright open harmony | wide harmonic field | moving rhythm | bright open harmony
[backend] 17:19:45 INFO: MagentaEngine: generated audio artifact mrt2_update_1780694385.wav (1.28s, 61440 samples).
[backend] 17:19:45 INFO: danceState {'energy': 7.15, 'openness': 0.826, 'rotation': -0.124, 'smile': 0.0, 'mouthOpen': 0.09, 'leftArmHeight': 'LOW', 'rightArmHeight': 'LOW', 'gestureLeft': 'none', 'gestureRight': 'none', 'timestamp': 1780694364466}
[backend] 17:19:45 INFO: musicState {'rawEnergy': 7.15, 'normalizedEnergy': 0.5064938198689772, 'density': 0.5064938198689772, 'brightness': 0.826, 'tension': 0.1005, 'rhythmicActivity': 0.5064938198689772, 'harmonyWidth': 0.826, 'gestureEvent': 'none', 'promptHints': ['moving rhythm', 'bright open harmony']}
[backend] 17:19:45 INFO: MagentaEngine: control params density=0.506 brightness=0.826 tension=0.101 rhythmicActivity=0.506 harmonyWidth=0.826 gestureEvent=none prompt=steady rhythmic pulse | bright open harmony | wide harmonic field | moving rhythm | bright open harmony
[backend] 17:19:47 INFO: MagentaEngine: generated audio artifact mrt2_update_1780694387.wav (1.24s, 59520 samples).
[backend] 17:19:47 INFO: danceState {'energy': 7.15, 'openness': 0.826, 'rotation': -0.124, 'smile': 0.0, 'mouthOpen': 0.09, 'leftArmHeight': 'LOW', 'rightArmHeight': 'LOW', 'gestureLeft': 'none', 'gestureRight': 'none', 'timestamp': 1780694365466}
[backend] 17:19:47 INFO: musicState {'rawEnergy': 7.15, 'normalizedEnergy': 0.48631329733030654, 'density': 0.48631329733030654, 'brightness': 0.826, 'tension': 0.1005, 'rhythmicActivity': 0.48631329733030654, 'harmonyWidth': 0.826, 'gestureEvent': 'none', 'promptHints': ['moving rhythm', 'bright open harmony']}
[backend] 17:19:47 INFO: MagentaEngine: control params density=0.486 brightness=0.826 tension=0.101 rhythmicActivity=0.486 harmonyWidth=0.826 gestureEvent=none prompt=steady rhythmic pulse | bright open harmony | wide harmonic field | moving rhythm | bright open harmony
[backend] 17:19:49 INFO: MagentaEngine: generated audio artifact mrt2_update_1780694389.wav (1.20s, 57600 samples).
[backend] 17:19:49 INFO: danceState {'energy': 7.15, 'openness': 0.826, 'rotation': -0.124, 'smile': 0.0, 'mouthOpen': 0.09, 'leftArmHeight': 'LOW', 'rightArmHeight': 'LOW', 'gestureLeft': 'none', 'gestureRight': 'none', 'timestamp': 1780694366466}
[backend] 17:19:49 INFO: musicState {'rawEnergy': 7.15, 'normalizedEnergy': 0.4677472165947295, 'density': 0.4677472165947295, 'brightness': 0.826, 'tension': 0.1005, 'rhythmicActivity': 0.4677472165947295, 'harmonyWidth': 0.826, 'gestureEvent': 'none', 'promptHints': ['moving rhythm', 'bright open harmony']}
[backend] 17:19:49 INFO: MagentaEngine: control params density=0.468 brightness=0.826 tension=0.101 rhythmicActivity=0.468 harmonyWidth=0.826 gestureEvent=none prompt=steady rhythmic pulse | bright open harmony | wide harmonic field | moving rhythm | bright open harmony
[backend] 17:19:51 INFO: MagentaEngine: generated audio artifact mrt2_update_1780694391.wav (1.16s, 55680 samples).
[backend] 17:19:51 INFO: danceState {'energy': 7.15, 'openness': 0.826, 'rotation': -0.124, 'smile': 0.0, 'mouthOpen': 0.09, 'leftArmHeight': 'LOW', 'rightArmHeight': 'LOW', 'gestureLeft': 'none', 'gestureRight': 'none', 'timestamp': 1780694367463}
[backend] 17:19:51 INFO: musicState {'rawEnergy': 7.15, 'normalizedEnergy': 0.45066642231799864, 'density': 0.45066642231799864, 'brightness': 0.826, 'tension': 0.1005, 'rhythmicActivity': 0.45066642231799864, 'harmonyWidth': 0.826, 'gestureEvent': 'none', 'promptHints': ['moving rhythm', 'bright open harmony']}
[backend] 17:19:51 INFO: MagentaEngine: control params density=0.451 brightness=0.826 tension=0.101 rhythmicActivity=0.451 harmonyWidth=0.826 gestureEvent=none prompt=steady rhythmic pulse | bright open harmony | wide harmonic field | moving rhythm | bright open harmony
[backend] 17:19:53 INFO: MagentaEngine: generated audio artifact mrt2_update_1780694393.wav (1.16s, 55680 samples).
[backend] 17:19:53 INFO: danceState {'energy': 7.15, 'openness': 0.826, 'rotation': -0.124, 'smile': 0.0, 'mouthOpen': 0.09, 'leftArmHeight': 'LOW', 'rightArmHeight': 'LOW', 'gestureLeft': 'none', 'gestureRight': 'none', 'timestamp': 1780694368466}
[backend] 17:19:53 INFO: musicState {'rawEnergy': 7.15, 'normalizedEnergy': 0.43495209158340625, 'density': 0.43495209158340625, 'brightness': 0.826, 'tension': 0.1005, 'rhythmicActivity': 0.43495209158340625, 'harmonyWidth': 0.826, 'gestureEvent': 'none', 'promptHints': ['moving rhythm', 'bright open harmony']}
[backend] 17:19:53 INFO: MagentaEngine: control params density=0.435 brightness=0.826 tension=0.101 rhythmicActivity=0.435 harmonyWidth=0.826 gestureEvent=none prompt=steady rhythmic pulse | bright open harmony | wide harmonic field | moving rhythm | bright open harmony
[backend] 17:19:54 INFO: MagentaEngine: generated audio artifact mrt2_update_1780694394.wav (1.12s, 53760 samples).
[backend] 17:19:54 INFO: danceState {'energy': 7.15, 'openness': 0.826, 'rotation': -0.124, 'smile': 0.0, 'mouthOpen': 0.09, 'leftArmHeight': 'LOW', 'rightArmHeight': 'LOW', 'gestureLeft': 'none', 'gestureRight': 'none', 'timestamp': 1780694369466}
[backend] 17:19:54 INFO: musicState {'rawEnergy': 7.15, 'normalizedEnergy': 0.42049490730758127, 'density': 0.42049490730758127, 'brightness': 0.826, 'tension': 0.1005, 'rhythmicActivity': 0.42049490730758127, 'harmonyWidth': 0.826, 'gestureEvent': 'none', 'promptHints': ['moving rhythm', 'bright open harmony']}
[backend] 17:19:54 INFO: MagentaEngine: control params density=0.420 brightness=0.826 tension=0.101 rhythmicActivity=0.420 harmonyWidth=0.826 gestureEvent=none prompt=steady rhythmic pulse | bright open harmony | wide harmonic field | moving rhythm | bright open harmony
[backend] 17:19:56 INFO: MagentaEngine: generated audio artifact mrt2_update_1780694396.wav (1.08s, 51840 samples).
[backend] 17:19:56 INFO: danceState {'energy': 7.15, 'openness': 0.826, 'rotation': -0.124, 'smile': 0.0, 'mouthOpen': 0.09, 'leftArmHeight': 'LOW', 'rightArmHeight': 'LOW', 'gestureLeft': 'none', 'gestureRight': 'none', 'timestamp': 1780694370466}
[backend] 17:19:56 INFO: musicState {'rawEnergy': 7.15, 'normalizedEnergy': 0.4071942977738222, 'density': 0.4071942977738222, 'brightness': 0.826, 'tension': 0.1005, 'rhythmicActivity': 0.4071942977738222, 'harmonyWidth': 0.826, 'gestureEvent': 'none', 'promptHints': ['moving rhythm', 'bright open harmony']}
[backend] 17:19:56 INFO: MagentaEngine: control params density=0.407 brightness=0.826 tension=0.101 rhythmicActivity=0.407 harmonyWidth=0.826 gestureEvent=none prompt=steady rhythmic pulse | bright open harmony | wide harmonic field | moving rhythm | bright open harmony
[backend] 17:19:58 INFO: MagentaEngine: generated audio artifact mrt2_update_1780694398.wav (1.08s, 51840 samples).
[backend] 17:19:58 INFO: danceState {'energy': 7.15, 'openness': 0.826, 'rotation': -0.124, 'smile': 0.0, 'mouthOpen': 0.09, 'leftArmHeight': 'LOW', 'rightArmHeight': 'LOW', 'gestureLeft': 'none', 'gestureRight': 'none', 'timestamp': 1780694371465}
[backend] 17:19:58 INFO: musicState {'rawEnergy': 7.15, 'normalizedEnergy': 0.39495773700276393, 'density': 0.39495773700276393, 'brightness': 0.826, 'tension': 0.1005, 'rhythmicActivity': 0.39495773700276393, 'harmonyWidth': 0.826, 'gestureEvent': 'none', 'promptHints': ['moving rhythm', 'bright open harmony']}
[backend] 17:19:58 INFO: MagentaEngine: control params density=0.395 brightness=0.826 tension=0.101 rhythmicActivity=0.395 harmonyWidth=0.826 gestureEvent=none prompt=steady rhythmic pulse | bright open harmony | wide harmonic field | moving rhythm | bright open harmony
[backend] 17:20:00 INFO: MagentaEngine: generated audio artifact mrt2_update_1780694400.wav (1.08s, 51840 samples).
[backend] 17:20:00 INFO: danceState {'energy': 7.15, 'openness': 0.826, 'rotation': -0.124, 'smile': 0.0, 'mouthOpen': 0.09, 'leftArmHeight': 'LOW', 'rightArmHeight': 'LOW', 'gestureLeft': 'none', 'gestureRight': 'none', 'timestamp': 1780694372462}
[backend] 17:20:00 INFO: musicState {'rawEnergy': 7.15, 'normalizedEnergy': 0.3837001010933903, 'density': 0.3837001010933903, 'brightness': 0.826, 'tension': 0.1005, 'rhythmicActivity': 0.3837001010933903, 'harmonyWidth': 0.826, 'gestureEvent': 'none', 'promptHints': ['moving rhythm', 'bright open harmony']}
[backend] 17:20:00 INFO: MagentaEngine: control params density=0.384 brightness=0.826 tension=0.101 rhythmicActivity=0.384 harmonyWidth=0.826 gestureEvent=none prompt=steady rhythmic pulse | bright open harmony | wide harmonic field | moving rhythm | bright open harmony
[backend] 17:20:01 INFO: MagentaEngine: generated audio artifact mrt2_update_1780694401.wav (1.04s, 49920 samples).
[backend] 17:20:01 INFO: danceState {'energy': 7.15, 'openness': 0.826, 'rotation': -0.124, 'smile': 0.0, 'mouthOpen': 0.09, 'leftArmHeight': 'LOW', 'rightArmHeight': 'LOW', 'gestureLeft': 'none', 'gestureRight': 'none', 'timestamp': 1780694373464}
[backend] 17:20:01 INFO: musicState {'rawEnergy': 7.15, 'normalizedEnergy': 0.3733430760567666, 'density': 0.3733430760567666, 'brightness': 0.826, 'tension': 0.1005, 'rhythmicActivity': 0.3733430760567666, 'harmonyWidth': 0.826, 'gestureEvent': 'none', 'promptHints': ['moving rhythm', 'bright open harmony']}
[backend] 17:20:01 INFO: MagentaEngine: control params density=0.373 brightness=0.826 tension=0.101 rhythmicActivity=0.373 harmonyWidth=0.826 gestureEvent=none prompt=steady rhythmic pulse | bright open harmony | wide harmonic field | moving rhythm | bright open harmony
[backend] 17:20:03 INFO: MagentaEngine: generated audio artifact mrt2_update_1780694403.wav (1.04s, 49920 samples).
[backend] 17:20:03 INFO: danceState {'energy': 7.15, 'openness': 0.826, 'rotation': -0.124, 'smile': 0.0, 'mouthOpen': 0.09, 'leftArmHeight': 'LOW', 'rightArmHeight': 'LOW', 'gestureLeft': 'none', 'gestureRight': 'none', 'timestamp': 1780694374466}
[backend] 17:20:03 INFO: musicState {'rawEnergy': 7.15, 'normalizedEnergy': 0.3638146130230727, 'density': 0.3638146130230727, 'brightness': 0.826, 'tension': 0.1005, 'rhythmicActivity': 0.3638146130230727, 'harmonyWidth': 0.826, 'gestureEvent': 'none', 'promptHints': ['moving rhythm', 'bright open harmony']}
[backend] 17:20:03 INFO: MagentaEngine: control params density=0.364 brightness=0.826 tension=0.101 rhythmicActivity=0.364 harmonyWidth=0.826 gestureEvent=none prompt=steady rhythmic pulse | bright open harmony | wide harmonic field | moving rhythm | bright open harmony
[backend] 17:20:05 INFO: MagentaEngine: generated audio artifact mrt2_update_1780694405.wav (1.00s, 48000 samples).
[backend] 17:20:05 INFO: danceState {'energy': 7.15, 'openness': 0.826, 'rotation': -0.124, 'smile': 0.0, 'mouthOpen': 0.09, 'leftArmHeight': 'LOW', 'rightArmHeight': 'LOW', 'gestureLeft': 'none', 'gestureRight': 'none', 'timestamp': 1780694375465}
[backend] 17:20:05 INFO: musicState {'rawEnergy': 7.15, 'normalizedEnergy': 0.3550484270320744, 'density': 0.3550484270320744, 'brightness': 0.826, 'tension': 0.1005, 'rhythmicActivity': 0.3550484270320744, 'harmonyWidth': 0.826, 'gestureEvent': 'none', 'promptHints': ['moving rhythm', 'bright open harmony']}
[backend] 17:20:05 INFO: MagentaEngine: control params density=0.355 brightness=0.826 tension=0.101 rhythmicActivity=0.355 harmonyWidth=0.826 gestureEvent=none prompt=steady rhythmic pulse | bright open harmony | wide harmonic field | moving rhythm | bright open harmony
[backend] 17:20:06 INFO: MagentaEngine: generated audio artifact mrt2_update_1780694406.wav (1.00s, 48000 samples).
[backend] 17:20:06 INFO: danceState {'energy': 7.15, 'openness': 0.826, 'rotation': -0.124, 'smile': 0.0, 'mouthOpen': 0.09, 'leftArmHeight': 'LOW', 'rightArmHeight': 'LOW', 'gestureLeft': 'none', 'gestureRight': 'none', 'timestamp': 1780694376466}
[backend] 17:20:06 INFO: musicState {'rawEnergy': 7.15, 'normalizedEnergy': 0.3469835359203559, 'density': 0.3469835359203559, 'brightness': 0.826, 'tension': 0.1005, 'rhythmicActivity': 0.3469835359203559, 'harmonyWidth': 0.826, 'gestureEvent': 'none', 'promptHints': ['moving rhythm', 'bright open harmony']}
[backend] 17:20:06 INFO: MagentaEngine: control params density=0.347 brightness=0.826 tension=0.101 rhythmicActivity=0.347 harmonyWidth=0.826 gestureEvent=none prompt=ambient slow texture | bright open harmony | wide harmonic field | moving rhythm | bright open harmony
[backend] 17:20:08 INFO: MagentaEngine: generated audio artifact mrt2_update_1780694408.wav (1.00s, 48000 samples).
[backend] 17:20:08 INFO: danceState {'energy': 7.15, 'openness': 0.826, 'rotation': -0.124, 'smile': 0.0, 'mouthOpen': 0.09, 'leftArmHeight': 'LOW', 'rightArmHeight': 'LOW', 'gestureLeft': 'none', 'gestureRight': 'none', 'timestamp': 1780694377463}
[backend] 17:20:08 INFO: musicState {'rawEnergy': 7.15, 'normalizedEnergy': 0.3395638360975749, 'density': 0.3395638360975749, 'brightness': 0.826, 'tension': 0.1005, 'rhythmicActivity': 0.3395638360975749, 'harmonyWidth': 0.826, 'gestureEvent': 'none', 'promptHints': ['moving rhythm', 'bright open harmony']}
[backend] 17:20:08 INFO: MagentaEngine: control params density=0.340 brightness=0.826 tension=0.101 rhythmicActivity=0.340 harmonyWidth=0.826 gestureEvent=none prompt=ambient slow texture | bright open harmony | wide harmonic field | moving rhythm | bright open harmony
[backend] 17:20:09 INFO: MagentaEngine: generated audio artifact mrt2_update_1780694409.wav (0.96s, 46080 samples).
[backend] 17:20:09 INFO: danceState {'energy': 7.15, 'openness': 0.826, 'rotation': -0.124, 'smile': 0.0, 'mouthOpen': 0.09, 'leftArmHeight': 'LOW', 'rightArmHeight': 'LOW', 'gestureLeft': 'none', 'gestureRight': 'none', 'timestamp': 1780694378467}
[backend] 17:20:09 INFO: musicState {'rawEnergy': 7.15, 'normalizedEnergy': 0.3327377122606164, 'density': 0.3327377122606164, 'brightness': 0.826, 'tension': 0.1005, 'rhythmicActivity': 0.3327377122606164, 'harmonyWidth': 0.826, 'gestureEvent': 'none', 'promptHints': ['moving rhythm', 'bright open harmony']}
[backend] 17:20:09 INFO: MagentaEngine: control params density=0.333 brightness=0.826 tension=0.101 rhythmicActivity=0.333 harmonyWidth=0.826 gestureEvent=none prompt=ambient slow texture | bright open harmony | wide harmonic field | moving rhythm | bright open harmony
[backend] 17:20:11 INFO: MagentaEngine: generated audio artifact mrt2_update_1780694411.wav (0.96s, 46080 samples).
[backend] 17:20:11 INFO: danceState {'energy': 7.15, 'openness': 0.826, 'rotation': -0.124, 'smile': 0.0, 'mouthOpen': 0.09, 'leftArmHeight': 'LOW', 'rightArmHeight': 'LOW', 'gestureLeft': 'none', 'gestureRight': 'none', 'timestamp': 1780694379463}
[backend] 17:20:11 INFO: musicState {'rawEnergy': 7.15, 'normalizedEnergy': 0.32645767833061456, 'density': 0.32645767833061456, 'brightness': 0.826, 'tension': 0.1005, 'rhythmicActivity': 0.32645767833061456, 'harmonyWidth': 0.826, 'gestureEvent': 'none', 'promptHints': ['moving rhythm', 'bright open harmony']}
[backend] 17:20:11 INFO: MagentaEngine: control params density=0.326 brightness=0.826 tension=0.101 rhythmicActivity=0.326 harmonyWidth=0.826 gestureEvent=none prompt=ambient slow texture | bright open harmony | wide harmonic field | moving rhythm | bright open harmony
[backend] 17:20:12 INFO: MagentaEngine: generated audio artifact mrt2_update_1780694412.wav (0.96s, 46080 samples).
[backend] 17:20:12 INFO: danceState {'energy': 7.15, 'openness': 0.826, 'rotation': -0.124, 'smile': 0.0, 'mouthOpen': 0.09, 'leftArmHeight': 'LOW', 'rightArmHeight': 'LOW', 'gestureLeft': 'none', 'gestureRight': 'none', 'timestamp': 1780694380463}
[backend] 17:20:12 INFO: musicState {'rawEnergy': 7.15, 'normalizedEnergy': 0.32068004711501286, 'density': 0.32068004711501286, 'brightness': 0.826, 'tension': 0.1005, 'rhythmicActivity': 0.32068004711501286, 'harmonyWidth': 0.826, 'gestureEvent': 'none', 'promptHints': ['moving rhythm', 'bright open harmony']}
[backend] 17:20:12 INFO: MagentaEngine: control params density=0.321 brightness=0.826 tension=0.101 rhythmicActivity=0.321 harmonyWidth=0.826 gestureEvent=none prompt=ambient slow texture | bright open harmony | wide harmonic field | moving rhythm | bright open harmony
[backend] 17:20:14 INFO: MagentaEngine: generated audio artifact mrt2_update_1780694414.wav (0.96s, 46080 samples).
[backend] 17:20:14 INFO: danceState {'energy': 7.15, 'openness': 0.826, 'rotation': -0.124, 'smile': 0.0, 'mouthOpen': 0.09, 'leftArmHeight': 'LOW', 'rightArmHeight': 'LOW', 'gestureLeft': 'none', 'gestureRight': 'none', 'timestamp': 1780694381540}
[backend] 17:20:14 INFO: musicState {'rawEnergy': 7.15, 'normalizedEnergy': 0.3153646263966593, 'density': 0.3153646263966593, 'brightness': 0.826, 'tension': 0.1005, 'rhythmicActivity': 0.3153646263966593, 'harmonyWidth': 0.826, 'gestureEvent': 'none', 'promptHints': ['moving rhythm', 'bright open harmony']}
[backend] 17:20:14 INFO: MagentaEngine: control params density=0.315 brightness=0.826 tension=0.101 rhythmicActivity=0.315 harmonyWidth=0.826 gestureEvent=none prompt=ambient slow texture | bright open harmony | wide harmonic field | moving rhythm | bright open harmony
[backend] 17:20:15 INFO: MagentaEngine: generated audio artifact mrt2_update_1780694415.wav (0.92s, 44160 samples).
[backend] 17:20:15 INFO: danceState {'energy': 7.15, 'openness': 0.826, 'rotation': -0.124, 'smile': 0.0, 'mouthOpen': 0.09, 'leftArmHeight': 'LOW', 'rightArmHeight': 'LOW', 'gestureLeft': 'none', 'gestureRight': 'none', 'timestamp': 1780694382464}
[backend] 17:20:15 INFO: musicState {'rawEnergy': 7.15, 'normalizedEnergy': 0.310474439335774, 'density': 0.310474439335774, 'brightness': 0.826, 'tension': 0.1005, 'rhythmicActivity': 0.310474439335774, 'harmonyWidth': 0.826, 'gestureEvent': 'none', 'promptHints': ['moving rhythm', 'bright open harmony']}
[backend] 17:20:15 INFO: MagentaEngine: control params density=0.310 brightness=0.826 tension=0.101 rhythmicActivity=0.310 harmonyWidth=0.826 gestureEvent=none prompt=ambient slow texture | bright open harmony | wide harmonic field | moving rhythm | bright open harmony
[backend] 17:20:17 INFO: MagentaEngine: generated audio artifact mrt2_update_1780694417.wav (0.92s, 44160 samples).
[backend] 17:20:17 INFO: danceState {'energy': 7.15, 'openness': 0.826, 'rotation': -0.124, 'smile': 0.0, 'mouthOpen': 0.09, 'leftArmHeight': 'LOW', 'rightArmHeight': 'LOW', 'gestureLeft': 'none', 'gestureRight': 'none', 'timestamp': 1780694383467}
[backend] 17:20:17 INFO: musicState {'rawEnergy': 7.15, 'normalizedEnergy': 0.30597546723975955, 'density': 0.30597546723975955, 'brightness': 0.826, 'tension': 0.1005, 'rhythmicActivity': 0.30597546723975955, 'harmonyWidth': 0.826, 'gestureEvent': 'none', 'promptHints': ['moving rhythm', 'bright open harmony']}
[backend] 17:20:17 INFO: MagentaEngine: control params density=0.306 brightness=0.826 tension=0.101 rhythmicActivity=0.306 harmonyWidth=0.826 gestureEvent=none prompt=ambient slow texture | bright open harmony | wide harmonic field | moving rhythm | bright open harmony
[backend] 17:20:18 INFO: MagentaEngine: generated audio artifact mrt2_update_1780694418.wav (0.92s, 44160 samples).
[backend] 17:20:18 INFO: danceState {'energy': 7.15, 'openness': 0.826, 'rotation': -0.124, 'smile': 0.0, 'mouthOpen': 0.09, 'leftArmHeight': 'LOW', 'rightArmHeight': 'LOW', 'gestureLeft': 'none', 'gestureRight': 'none', 'timestamp': 1780694384466}
[backend] 17:20:18 INFO: musicState {'rawEnergy': 7.15, 'normalizedEnergy': 0.30183641291142627, 'density': 0.30183641291142627, 'brightness': 0.826, 'tension': 0.1005, 'rhythmicActivity': 0.30183641291142627, 'harmonyWidth': 0.826, 'gestureEvent': 'none', 'promptHints': ['moving rhythm', 'bright open harmony']}
[backend] 17:20:18 INFO: MagentaEngine: control params density=0.302 brightness=0.826 tension=0.101 rhythmicActivity=0.302 harmonyWidth=0.826 gestureEvent=none prompt=ambient slow texture | bright open harmony | wide harmonic field | moving rhythm | bright open harmony
[backend] 17:20:20 INFO: MagentaEngine: generated audio artifact mrt2_update_1780694420.wav (0.92s, 44160 samples).
[backend] 17:20:20 INFO: danceState {'energy': 7.15, 'openness': 0.826, 'rotation': -0.124, 'smile': 0.0, 'mouthOpen': 0.09, 'leftArmHeight': 'LOW', 'rightArmHeight': 'LOW', 'gestureLeft': 'none', 'gestureRight': 'none', 'timestamp': 1780694385467}
[backend] 17:20:20 INFO: musicState {'rawEnergy': 7.15, 'normalizedEnergy': 0.29802848292935963, 'density': 0.29802848292935963, 'brightness': 0.826, 'tension': 0.1005, 'rhythmicActivity': 0.29802848292935963, 'harmonyWidth': 0.826, 'gestureEvent': 'none', 'promptHints': ['ambient sparse texture', 'bright open harmony']}
[backend] 17:20:20 INFO: MagentaEngine: control params density=0.298 brightness=0.826 tension=0.101 rhythmicActivity=0.298 harmonyWidth=0.826 gestureEvent=none prompt=ambient slow texture | bright open harmony | wide harmonic field | ambient sparse texture | bright open harmony
[backend] 17:20:21 INFO: MagentaEngine: generated audio artifact mrt2_update_1780694421.wav (0.92s, 44160 samples).
[backend] 17:20:21 INFO: danceState {'energy': 7.15, 'openness': 0.826, 'rotation': -0.124, 'smile': 0.0, 'mouthOpen': 0.09, 'leftArmHeight': 'LOW', 'rightArmHeight': 'LOW', 'gestureLeft': 'none', 'gestureRight': 'none', 'timestamp': 1780694386463}
[backend] 17:20:21 INFO: musicState {'rawEnergy': 7.15, 'normalizedEnergy': 0.29452518734585836, 'density': 0.29452518734585836, 'brightness': 0.826, 'tension': 0.1005, 'rhythmicActivity': 0.29452518734585836, 'harmonyWidth': 0.826, 'gestureEvent': 'none', 'promptHints': ['ambient sparse texture', 'bright open harmony']}
[backend] 17:20:21 INFO: MagentaEngine: control params density=0.295 brightness=0.826 tension=0.101 rhythmicActivity=0.295 harmonyWidth=0.826 gestureEvent=none prompt=ambient slow texture | bright open harmony | wide harmonic field | ambient sparse texture | bright open harmony
[backend] 17:20:23 INFO: MagentaEngine: generated audio artifact mrt2_update_1780694423.wav (0.92s, 44160 samples).
[backend] 17:20:23 INFO: danceState {'energy': 7.15, 'openness': 0.826, 'rotation': -0.124, 'smile': 0.0, 'mouthOpen': 0.09, 'leftArmHeight': 'LOW', 'rightArmHeight': 'LOW', 'gestureLeft': 'none', 'gestureRight': 'none', 'timestamp': 1780694387465}
[backend] 17:20:23 INFO: musicState {'rawEnergy': 7.15, 'normalizedEnergy': 0.29130215540903714, 'density': 0.29130215540903714, 'brightness': 0.826, 'tension': 0.1005, 'rhythmicActivity': 0.29130215540903714, 'harmonyWidth': 0.826, 'gestureEvent': 'none', 'promptHints': ['ambient sparse texture', 'bright open harmony']}
[backend] 17:20:23 INFO: MagentaEngine: control params density=0.291 brightness=0.826 tension=0.101 rhythmicActivity=0.291 harmonyWidth=0.826 gestureEvent=none prompt=ambient slow texture | bright open harmony | wide harmonic field | ambient sparse texture | bright open harmony
[backend] 17:20:25 INFO: MagentaEngine: generated audio artifact mrt2_update_1780694425.wav (0.92s, 44160 samples).
[backend] 17:20:25 INFO: danceState {'energy': 7.15, 'openness': 0.826, 'rotation': -0.124, 'smile': 0.0, 'mouthOpen': 0.09, 'leftArmHeight': 'LOW', 'rightArmHeight': 'LOW', 'gestureLeft': 'none', 'gestureRight': 'none', 'timestamp': 1780694388464}
[backend] 17:20:25 INFO: musicState {'rawEnergy': 7.15, 'normalizedEnergy': 0.2883369660271616, 'density': 0.2883369660271616, 'brightness': 0.826, 'tension': 0.1005, 'rhythmicActivity': 0.2883369660271616, 'harmonyWidth': 0.826, 'gestureEvent': 'none', 'promptHints': ['ambient sparse texture', 'bright open harmony']}
[backend] 17:20:25 INFO: MagentaEngine: control params density=0.288 brightness=0.826 tension=0.101 rhythmicActivity=0.288 harmonyWidth=0.826 gestureEvent=none prompt=ambient slow texture | bright open harmony | wide harmonic field | ambient sparse texture | bright open harmony
[backend] 17:20:26 INFO: MagentaEngine: generated audio artifact mrt2_update_1780694426.wav (0.88s, 42240 samples).
[backend] 17:20:26 INFO: danceState {'energy': 7.15, 'openness': 0.826, 'rotation': -0.124, 'smile': 0.0, 'mouthOpen': 0.09, 'leftArmHeight': 'LOW', 'rightArmHeight': 'LOW', 'gestureLeft': 'none', 'gestureRight': 'none', 'timestamp': 1780694389464}
[backend] 17:20:26 INFO: musicState {'rawEnergy': 7.15, 'normalizedEnergy': 0.28560899179583615, 'density': 0.28560899179583615, 'brightness': 0.826, 'tension': 0.1005, 'rhythmicActivity': 0.28560899179583615, 'harmonyWidth': 0.826, 'gestureEvent': 'none', 'promptHints': ['ambient sparse texture', 'bright open harmony']}
[backend] 17:20:26 INFO: MagentaEngine: control params density=0.286 brightness=0.826 tension=0.101 rhythmicActivity=0.286 harmonyWidth=0.826 gestureEvent=none prompt=ambient slow texture | bright open harmony | wide harmonic field | ambient sparse texture | bright open harmony
[backend] 17:20:28 INFO: MagentaEngine: generated audio artifact mrt2_update_1780694428.wav (0.88s, 42240 samples).
[backend] 17:20:28 INFO: danceState {'energy': 7.15, 'openness': 0.826, 'rotation': -0.124, 'smile': 0.0, 'mouthOpen': 0.09, 'leftArmHeight': 'LOW', 'rightArmHeight': 'LOW', 'gestureLeft': 'none', 'gestureRight': 'none', 'timestamp': 1780694390467}
[backend] 17:20:28 INFO: musicState {'rawEnergy': 7.15, 'normalizedEnergy': 0.28309925550301673, 'density': 0.28309925550301673, 'brightness': 0.826, 'tension': 0.1005, 'rhythmicActivity': 0.28309925550301673, 'harmonyWidth': 0.826, 'gestureEvent': 'none', 'promptHints': ['ambient sparse texture', 'bright open harmony']}
[backend] 17:20:28 INFO: MagentaEngine: control params density=0.283 brightness=0.826 tension=0.101 rhythmicActivity=0.283 harmonyWidth=0.826 gestureEvent=none prompt=ambient slow texture | bright open harmony | wide harmonic field | ambient sparse texture | bright open harmony
[backend] 17:20:29 INFO: MagentaEngine: generated audio artifact mrt2_update_1780694429.wav (0.88s, 42240 samples).
[backend] 17:20:29 INFO: danceState {'energy': 7.15, 'openness': 0.826, 'rotation': -0.124, 'smile': 0.0, 'mouthOpen': 0.09, 'leftArmHeight': 'LOW', 'rightArmHeight': 'LOW', 'gestureLeft': 'none', 'gestureRight': 'none', 'timestamp': 1780694391462}
[backend] 17:20:29 INFO: musicState {'rawEnergy': 7.15, 'normalizedEnergy': 0.2807902981136229, 'density': 0.2807902981136229, 'brightness': 0.826, 'tension': 0.1005, 'rhythmicActivity': 0.2807902981136229, 'harmonyWidth': 0.826, 'gestureEvent': 'none', 'promptHints': ['ambient sparse texture', 'bright open harmony']}
[backend] 17:20:29 INFO: MagentaEngine: control params density=0.281 brightness=0.826 tension=0.101 rhythmicActivity=0.281 harmonyWidth=0.826 gestureEvent=none prompt=ambient slow texture | bright open harmony | wide harmonic field | ambient sparse texture | bright open harmony
[backend] 17:20:31 INFO: MagentaEngine: generated audio artifact mrt2_update_1780694431.wav (0.88s, 42240 samples).
[backend] 17:20:31 INFO: danceState {'energy': 7.15, 'openness': 0.826, 'rotation': -0.124, 'smile': 0.0, 'mouthOpen': 0.09, 'leftArmHeight': 'LOW', 'rightArmHeight': 'LOW', 'gestureLeft': 'none', 'gestureRight': 'none', 'timestamp': 1780694392466}
[backend] 17:20:31 INFO: musicState {'rawEnergy': 7.15, 'normalizedEnergy': 0.2786660573153805, 'density': 0.2786660573153805, 'brightness': 0.826, 'tension': 0.1005, 'rhythmicActivity': 0.2786660573153805, 'harmonyWidth': 0.826, 'gestureEvent': 'none', 'promptHints': ['ambient sparse texture', 'bright open harmony']}
[backend] 17:20:31 INFO: MagentaEngine: control params density=0.279 brightness=0.826 tension=0.101 rhythmicActivity=0.279 harmonyWidth=0.826 gestureEvent=none prompt=ambient slow texture | bright open harmony | wide harmonic field | ambient sparse texture | bright open harmony
[backend] 17:20:32 INFO: MagentaEngine: generated audio artifact mrt2_update_1780694432.wav (0.88s, 42240 samples).
[backend] 17:20:32 INFO: danceState {'energy': 7.15, 'openness': 0.826, 'rotation': -0.124, 'smile': 0.0, 'mouthOpen': 0.09, 'leftArmHeight': 'LOW', 'rightArmHeight': 'LOW', 'gestureLeft': 'none', 'gestureRight': 'none', 'timestamp': 1780694393463}
[backend] 17:20:32 INFO: musicState {'rawEnergy': 7.15, 'normalizedEnergy': 0.2767117557809975, 'density': 0.2767117557809975, 'brightness': 0.826, 'tension': 0.1005, 'rhythmicActivity': 0.2767117557809975, 'harmonyWidth': 0.826, 'gestureEvent': 'none', 'promptHints': ['ambient sparse texture', 'bright open harmony']}
[backend] 17:20:32 INFO: MagentaEngine: control params density=0.277 brightness=0.826 tension=0.101 rhythmicActivity=0.277 harmonyWidth=0.826 gestureEvent=none prompt=ambient slow texture | bright open harmony | wide harmonic field | ambient sparse texture | bright open harmony
[backend] 17:20:34 INFO: MagentaEngine: generated audio artifact mrt2_update_1780694434.wav (0.88s, 42240 samples).
[backend] 17:20:34 INFO: danceState {'energy': 7.15, 'openness': 0.826, 'rotation': -0.124, 'smile': 0.0, 'mouthOpen': 0.09, 'leftArmHeight': 'LOW', 'rightArmHeight': 'LOW', 'gestureLeft': 'none', 'gestureRight': 'none', 'timestamp': 1780694394467}
[backend] 17:20:34 INFO: musicState {'rawEnergy': 7.15, 'normalizedEnergy': 0.2749137983693652, 'density': 0.2749137983693652, 'brightness': 0.826, 'tension': 0.1005, 'rhythmicActivity': 0.2749137983693652, 'harmonyWidth': 0.826, 'gestureEvent': 'none', 'promptHints': ['ambient sparse texture', 'bright open harmony']}
[backend] 17:20:34 INFO: MagentaEngine: control params density=0.275 brightness=0.826 tension=0.101 rhythmicActivity=0.275 harmonyWidth=0.826 gestureEvent=none prompt=ambient slow texture | bright open harmony | wide harmonic field | ambient sparse texture | bright open harmony
[backend] 17:20:35 INFO: MagentaEngine: generated audio artifact mrt2_update_1780694435.wav (0.88s, 42240 samples).
[backend] 17:20:35 INFO: danceState {'energy': 7.15, 'openness': 0.826, 'rotation': -0.124, 'smile': 0.0, 'mouthOpen': 0.09, 'leftArmHeight': 'LOW', 'rightArmHeight': 'LOW', 'gestureLeft': 'none', 'gestureRight': 'none', 'timestamp': 1780694395465}
[backend] 17:20:35 INFO: musicState {'rawEnergy': 7.15, 'normalizedEnergy': 0.2732596775506634, 'density': 0.2732596775506634, 'brightness': 0.826, 'tension': 0.1005, 'rhythmicActivity': 0.2732596775506634, 'harmonyWidth': 0.826, 'gestureEvent': 'none', 'promptHints': ['ambient sparse texture', 'bright open harmony']}
[backend] 17:20:35 INFO: MagentaEngine: control params density=0.273 brightness=0.826 tension=0.101 rhythmicActivity=0.273 harmonyWidth=0.826 gestureEvent=none prompt=ambient slow texture | bright open harmony | wide harmonic field | ambient sparse texture | bright open harmony
[backend] 17:20:36 INFO: MagentaEngine: generated audio artifact mrt2_update_1780694436.wav (0.88s, 42240 samples).
[backend] 17:20:36 INFO: danceState {'energy': 7.15, 'openness': 0.826, 'rotation': -0.124, 'smile': 0.0, 'mouthOpen': 0.09, 'leftArmHeight': 'LOW', 'rightArmHeight': 'LOW', 'gestureLeft': 'none', 'gestureRight': 'none', 'timestamp': 1780694396465}
[backend] 17:20:36 INFO: musicState {'rawEnergy': 7.15, 'normalizedEnergy': 0.2717378863974578, 'density': 0.2717378863974578, 'brightness': 0.826, 'tension': 0.1005, 'rhythmicActivity': 0.2717378863974578, 'harmonyWidth': 0.826, 'gestureEvent': 'none', 'promptHints': ['ambient sparse texture', 'bright open harmony']}
[backend] 17:20:36 INFO: MagentaEngine: control params density=0.272 brightness=0.826 tension=0.101 rhythmicActivity=0.272 harmonyWidth=0.826 gestureEvent=none prompt=ambient slow texture | bright open harmony | wide harmonic field | ambient sparse texture | bright open harmony
[backend] 17:20:38 INFO: MagentaEngine: generated audio artifact mrt2_update_1780694438.wav (0.88s, 42240 samples).
[backend] 17:20:38 INFO: danceState {'energy': 7.15, 'openness': 0.826, 'rotation': -0.124, 'smile': 0.0, 'mouthOpen': 0.09, 'leftArmHeight': 'LOW', 'rightArmHeight': 'LOW', 'gestureLeft': 'none', 'gestureRight': 'none', 'timestamp': 1780694397466}
[backend] 17:20:38 INFO: musicState {'rawEnergy': 7.15, 'normalizedEnergy': 0.2703378385365086, 'density': 0.2703378385365086, 'brightness': 0.826, 'tension': 0.1005, 'rhythmicActivity': 0.2703378385365086, 'harmonyWidth': 0.826, 'gestureEvent': 'none', 'promptHints': ['ambient sparse texture', 'bright open harmony']}
[backend] 17:20:38 INFO: MagentaEngine: control params density=0.270 brightness=0.826 tension=0.101 rhythmicActivity=0.270 harmonyWidth=0.826 gestureEvent=none prompt=ambient slow texture | bright open harmony | wide harmonic field | ambient sparse texture | bright open harmony
[backend] 17:20:39 INFO: MagentaEngine: generated audio artifact mrt2_update_1780694439.wav (0.88s, 42240 samples).
[backend] 17:20:39 INFO: danceState {'energy': 7.15, 'openness': 0.826, 'rotation': -0.124, 'smile': 0.0, 'mouthOpen': 0.09, 'leftArmHeight': 'LOW', 'rightArmHeight': 'LOW', 'gestureLeft': 'none', 'gestureRight': 'none', 'timestamp': 1780694398463}
[backend] 17:20:39 INFO: musicState {'rawEnergy': 7.15, 'normalizedEnergy': 0.2690497945044354, 'density': 0.2690497945044354, 'brightness': 0.826, 'tension': 0.1005, 'rhythmicActivity': 0.2690497945044354, 'harmonyWidth': 0.826, 'gestureEvent': 'none', 'promptHints': ['ambient sparse texture', 'bright open harmony']}
[backend] 17:20:39 INFO: MagentaEngine: control params density=0.269 brightness=0.826 tension=0.101 rhythmicActivity=0.269 harmonyWidth=0.826 gestureEvent=none prompt=ambient slow texture | bright open harmony | wide harmonic field | ambient sparse texture | bright open harmony
[backend] 17:20:41 INFO: MagentaEngine: generated audio artifact mrt2_update_1780694441.wav (0.88s, 42240 samples).
[backend] 17:20:41 INFO: danceState {'energy': 7.15, 'openness': 0.826, 'rotation': -0.124, 'smile': 0.0, 'mouthOpen': 0.09, 'leftArmHeight': 'LOW', 'rightArmHeight': 'LOW', 'gestureLeft': 'none', 'gestureRight': 'none', 'timestamp': 1780694399466}
[backend] 17:20:41 INFO: musicState {'rawEnergy': 7.15, 'normalizedEnergy': 0.26786479399492796, 'density': 0.26786479399492796, 'brightness': 0.826, 'tension': 0.1005, 'rhythmicActivity': 0.26786479399492796, 'harmonyWidth': 0.826, 'gestureEvent': 'none', 'promptHints': ['ambient sparse texture', 'bright open harmony']}
[backend] 17:20:41 INFO: MagentaEngine: control params density=0.268 brightness=0.826 tension=0.101 rhythmicActivity=0.268 harmonyWidth=0.826 gestureEvent=none prompt=ambient slow texture | bright open harmony | wide harmonic field | ambient sparse texture | bright open harmony
[backend] 17:20:42 INFO: MagentaEngine: generated audio artifact mrt2_update_1780694442.wav (0.88s, 42240 samples).
[backend] 17:20:42 INFO: danceState {'energy': 7.15, 'openness': 0.826, 'rotation': -0.124, 'smile': 0.0, 'mouthOpen': 0.09, 'leftArmHeight': 'LOW', 'rightArmHeight': 'LOW', 'gestureLeft': 'none', 'gestureRight': 'none', 'timestamp': 1780694400463}
[backend] 17:20:42 INFO: musicState {'rawEnergy': 7.15, 'normalizedEnergy': 0.2667745935261812, 'density': 0.2667745935261812, 'brightness': 0.826, 'tension': 0.1005, 'rhythmicActivity': 0.2667745935261812, 'harmonyWidth': 0.826, 'gestureEvent': 'none', 'promptHints': ['ambient sparse texture', 'bright open harmony']}
[backend] 17:20:42 INFO: MagentaEngine: control params density=0.267 brightness=0.826 tension=0.101 rhythmicActivity=0.267 harmonyWidth=0.826 gestureEvent=none prompt=ambient slow texture | bright open harmony | wide harmonic field | ambient sparse texture | bright open harmony
[backend] 17:20:44 INFO: MagentaEngine: generated audio artifact mrt2_update_1780694444.wav (0.88s, 42240 samples).
[backend] 17:20:44 INFO: danceState {'energy': 7.15, 'openness': 0.826, 'rotation': -0.124, 'smile': 0.0, 'mouthOpen': 0.09, 'leftArmHeight': 'LOW', 'rightArmHeight': 'LOW', 'gestureLeft': 'none', 'gestureRight': 'none', 'timestamp': 1780694401464}
[backend] 17:20:44 INFO: musicState {'rawEnergy': 7.15, 'normalizedEnergy': 0.2657716090949342, 'density': 0.2657716090949342, 'brightness': 0.826, 'tension': 0.1005, 'rhythmicActivity': 0.2657716090949342, 'harmonyWidth': 0.826, 'gestureEvent': 'none', 'promptHints': ['ambient sparse texture', 'bright open harmony']}
[backend] 17:20:44 INFO: MagentaEngine: control params density=0.266 brightness=0.826 tension=0.101 rhythmicActivity=0.266 harmonyWidth=0.826 gestureEvent=none prompt=ambient slow texture | bright open harmony | wide harmonic field | ambient sparse texture | bright open harmony
[backend] 17:20:45 INFO: MagentaEngine: generated audio artifact mrt2_update_1780694445.wav (0.88s, 42240 samples).
[backend] 17:20:45 INFO: danceState {'energy': 7.15, 'openness': 0.826, 'rotation': -0.124, 'smile': 0.0, 'mouthOpen': 0.09, 'leftArmHeight': 'LOW', 'rightArmHeight': 'LOW', 'gestureLeft': 'none', 'gestureRight': 'none', 'timestamp': 1780694402466}
[backend] 17:20:45 INFO: musicState {'rawEnergy': 7.15, 'normalizedEnergy': 0.2648488634181869, 'density': 0.2648488634181869, 'brightness': 0.826, 'tension': 0.1005, 'rhythmicActivity': 0.2648488634181869, 'harmonyWidth': 0.826, 'gestureEvent': 'none', 'promptHints': ['ambient sparse texture', 'bright open harmony']}
[backend] 17:20:45 INFO: MagentaEngine: control params density=0.265 brightness=0.826 tension=0.101 rhythmicActivity=0.265 harmonyWidth=0.826 gestureEvent=none prompt=ambient slow texture | bright open harmony | wide harmonic field | ambient sparse texture | bright open harmony
[backend] 17:20:47 INFO: MagentaEngine: generated audio artifact mrt2_update_1780694447.wav (0.88s, 42240 samples).
[backend] 17:20:47 INFO: danceState {'energy': 7.15, 'openness': 0.826, 'rotation': -0.124, 'smile': 0.0, 'mouthOpen': 0.09, 'leftArmHeight': 'LOW', 'rightArmHeight': 'LOW', 'gestureLeft': 'none', 'gestureRight': 'none', 'timestamp': 1780694403463}
[backend] 17:20:47 INFO: musicState {'rawEnergy': 7.15, 'normalizedEnergy': 0.2639999373955795, 'density': 0.2639999373955795, 'brightness': 0.826, 'tension': 0.1005, 'rhythmicActivity': 0.2639999373955795, 'harmonyWidth': 0.826, 'gestureEvent': 'none', 'promptHints': ['ambient sparse texture', 'bright open harmony']}
[backend] 17:20:47 INFO: MagentaEngine: control params density=0.264 brightness=0.826 tension=0.101 rhythmicActivity=0.264 harmonyWidth=0.826 gestureEvent=none prompt=ambient slow texture | bright open harmony | wide harmonic field | ambient sparse texture | bright open harmony
[backend] 17:20:48 INFO: MagentaEngine: generated audio artifact mrt2_update_1780694448.wav (0.88s, 42240 samples).
[backend] 17:20:48 INFO: danceState {'energy': 7.15, 'openness': 0.826, 'rotation': -0.124, 'smile': 0.0, 'mouthOpen': 0.09, 'leftArmHeight': 'LOW', 'rightArmHeight': 'LOW', 'gestureLeft': 'none', 'gestureRight': 'none', 'timestamp': 1780694404462}
[backend] 17:20:48 INFO: musicState {'rawEnergy': 7.15, 'normalizedEnergy': 0.26321892545478054, 'density': 0.26321892545478054, 'brightness': 0.826, 'tension': 0.1005, 'rhythmicActivity': 0.26321892545478054, 'harmonyWidth': 0.826, 'gestureEvent': 'none', 'promptHints': ['ambient sparse texture', 'bright open harmony']}
[backend] 17:20:48 INFO: MagentaEngine: control params density=0.263 brightness=0.826 tension=0.101 rhythmicActivity=0.263 harmonyWidth=0.826 gestureEvent=none prompt=ambient slow texture | bright open harmony | wide harmonic field | ambient sparse texture | bright open harmony
[backend] 17:20:50 INFO: MagentaEngine: generated audio artifact mrt2_update_1780694450.wav (0.88s, 42240 samples).
[backend] 17:20:50 INFO: danceState {'energy': 7.15, 'openness': 0.826, 'rotation': -0.124, 'smile': 0.0, 'mouthOpen': 0.09, 'leftArmHeight': 'LOW', 'rightArmHeight': 'LOW', 'gestureLeft': 'none', 'gestureRight': 'none', 'timestamp': 1780694405464}
[backend] 17:20:50 INFO: musicState {'rawEnergy': 7.15, 'normalizedEnergy': 0.26250039446924556, 'density': 0.26250039446924556, 'brightness': 0.826, 'tension': 0.1005, 'rhythmicActivity': 0.26250039446924556, 'harmonyWidth': 0.826, 'gestureEvent': 'none', 'promptHints': ['ambient sparse texture', 'bright open harmony']}
[backend] 17:20:50 INFO: MagentaEngine: control params density=0.263 brightness=0.826 tension=0.101 rhythmicActivity=0.263 harmonyWidth=0.826 gestureEvent=none prompt=ambient slow texture | bright open harmony | wide harmonic field | ambient sparse texture | bright open harmony
[backend] 17:20:51 INFO: MagentaEngine: generated audio artifact mrt2_update_1780694451.wav (0.84s, 40320 samples).
[backend] 17:20:51 INFO: danceState {'energy': 7.15, 'openness': 0.826, 'rotation': -0.124, 'smile': 0.0, 'mouthOpen': 0.09, 'leftArmHeight': 'LOW', 'rightArmHeight': 'LOW', 'gestureLeft': 'none', 'gestureRight': 'none', 'timestamp': 1780694406465}
[backend] 17:20:51 INFO: musicState {'rawEnergy': 7.15, 'normalizedEnergy': 0.2618393459625534, 'density': 0.2618393459625534, 'brightness': 0.826, 'tension': 0.1005, 'rhythmicActivity': 0.2618393459625534, 'harmonyWidth': 0.826, 'gestureEvent': 'none', 'promptHints': ['ambient sparse texture', 'bright open harmony']}
[backend] 17:20:51 INFO: MagentaEngine: control params density=0.262 brightness=0.826 tension=0.101 rhythmicActivity=0.262 harmonyWidth=0.826 gestureEvent=none prompt=ambient slow texture | bright open harmony | wide harmonic field | ambient sparse texture | bright open harmony
[backend] 17:20:52 INFO: MagentaEngine: generated audio artifact mrt2_update_1780694452.wav (0.84s, 40320 samples).
[backend] 17:20:52 INFO: danceState {'energy': 7.15, 'openness': 0.826, 'rotation': -0.124, 'smile': 0.0, 'mouthOpen': 0.09, 'leftArmHeight': 'LOW', 'rightArmHeight': 'LOW', 'gestureLeft': 'none', 'gestureRight': 'none', 'timestamp': 1780694407463}
[backend] 17:20:52 INFO: musicState {'rawEnergy': 7.15, 'normalizedEnergy': 0.26123118133639656, 'density': 0.26123118133639656, 'brightness': 0.826, 'tension': 0.1005, 'rhythmicActivity': 0.26123118133639656, 'harmonyWidth': 0.826, 'gestureEvent': 'none', 'promptHints': ['ambient sparse texture', 'bright open harmony']}
[backend] 17:20:52 INFO: MagentaEngine: control params density=0.261 brightness=0.826 tension=0.101 rhythmicActivity=0.261 harmonyWidth=0.826 gestureEvent=none prompt=ambient slow texture | bright open harmony | wide harmonic field | ambient sparse texture | bright open harmony
[backend] 17:20:54 INFO: MagentaEngine: generated audio artifact mrt2_update_1780694454.wav (0.84s, 40320 samples).
[backend] 17:20:54 INFO: danceState {'energy': 7.15, 'openness': 0.826, 'rotation': -0.124, 'smile': 0.0, 'mouthOpen': 0.09, 'leftArmHeight': 'LOW', 'rightArmHeight': 'LOW', 'gestureLeft': 'none', 'gestureRight': 'none', 'timestamp': 1780694408462}
[backend] 17:20:54 INFO: musicState {'rawEnergy': 7.15, 'normalizedEnergy': 0.2606716698803323, 'density': 0.2606716698803323, 'brightness': 0.826, 'tension': 0.1005, 'rhythmicActivity': 0.2606716698803323, 'harmonyWidth': 0.826, 'gestureEvent': 'none', 'promptHints': ['ambient sparse texture', 'bright open harmony']}
[backend] 17:20:54 INFO: MagentaEngine: control params density=0.261 brightness=0.826 tension=0.101 rhythmicActivity=0.261 harmonyWidth=0.826 gestureEvent=none prompt=ambient slow texture | bright open harmony | wide harmonic field | ambient sparse texture | bright open harmony
[backend] 17:20:55 INFO: MagentaEngine: generated audio artifact mrt2_update_1780694455.wav (0.84s, 40320 samples).
[backend] 17:20:55 INFO: danceState {'energy': 7.15, 'openness': 0.826, 'rotation': -0.124, 'smile': 0.0, 'mouthOpen': 0.09, 'leftArmHeight': 'LOW', 'rightArmHeight': 'LOW', 'gestureLeft': 'none', 'gestureRight': 'none', 'timestamp': 1780694409462}
[backend] 17:20:55 INFO: musicState {'rawEnergy': 7.15, 'normalizedEnergy': 0.26015691934075313, 'density': 0.26015691934075313, 'brightness': 0.826, 'tension': 0.1005, 'rhythmicActivity': 0.26015691934075313, 'harmonyWidth': 0.826, 'gestureEvent': 'none', 'promptHints': ['ambient sparse texture', 'bright open harmony']}
[backend] 17:20:55 INFO: MagentaEngine: control params density=0.260 brightness=0.826 tension=0.101 rhythmicActivity=0.260 harmonyWidth=0.826 gestureEvent=none prompt=ambient slow texture | bright open harmony | wide harmonic field | ambient sparse texture | bright open harmony
[backend] 17:20:56 INFO: MagentaEngine: generated audio artifact mrt2_update_1780694456.wav (0.84s, 40320 samples).
[backend] 17:20:56 INFO: danceState {'energy': 7.15, 'openness': 0.826, 'rotation': -0.124, 'smile': 0.0, 'mouthOpen': 0.09, 'leftArmHeight': 'LOW', 'rightArmHeight': 'LOW', 'gestureLeft': 'none', 'gestureRight': 'none', 'timestamp': 1780694410466}
[backend] 17:20:56 INFO: musicState {'rawEnergy': 7.15, 'normalizedEnergy': 0.2596833488443403, 'density': 0.2596833488443403, 'brightness': 0.826, 'tension': 0.1005, 'rhythmicActivity': 0.2596833488443403, 'harmonyWidth': 0.826, 'gestureEvent': 'none', 'promptHints': ['ambient sparse texture', 'bright open harmony']}
[backend] 17:20:56 INFO: MagentaEngine: control params density=0.260 brightness=0.826 tension=0.101 rhythmicActivity=0.260 harmonyWidth=0.826 gestureEvent=none prompt=ambient slow texture | bright open harmony | wide harmonic field | ambient sparse texture | bright open harmony
[backend] 17:20:58 INFO: MagentaEngine: generated audio artifact mrt2_update_1780694458.wav (0.84s, 40320 samples).
[backend] 17:20:58 INFO: danceState {'energy': 7.15, 'openness': 0.826, 'rotation': -0.124, 'smile': 0.0, 'mouthOpen': 0.09, 'leftArmHeight': 'LOW', 'rightArmHeight': 'LOW', 'gestureLeft': 'none', 'gestureRight': 'none', 'timestamp': 1780694411465}
[backend] 17:20:58 INFO: musicState {'rawEnergy': 7.15, 'normalizedEnergy': 0.2592476639876405, 'density': 0.2592476639876405, 'brightness': 0.826, 'tension': 0.1005, 'rhythmicActivity': 0.2592476639876405, 'harmonyWidth': 0.826, 'gestureEvent': 'none', 'promptHints': ['ambient sparse texture', 'bright open harmony']}
[backend] 17:20:58 INFO: MagentaEngine: control params density=0.259 brightness=0.826 tension=0.101 rhythmicActivity=0.259 harmonyWidth=0.826 gestureEvent=none prompt=ambient slow texture | bright open harmony | wide harmonic field | ambient sparse texture | bright open harmony
[backend] 17:20:59 INFO: MagentaEngine: generated audio artifact mrt2_update_1780694459.wav (0.84s, 40320 samples).
[backend] 17:20:59 INFO: danceState {'energy': 7.15, 'openness': 0.826, 'rotation': -0.124, 'smile': 0.0, 'mouthOpen': 0.09, 'leftArmHeight': 'LOW', 'rightArmHeight': 'LOW', 'gestureLeft': 'none', 'gestureRight': 'none', 'timestamp': 1780694412466}
[backend] 17:20:59 INFO: musicState {'rawEnergy': 7.15, 'normalizedEnergy': 0.25884683391947666, 'density': 0.25884683391947666, 'brightness': 0.826, 'tension': 0.1005, 'rhythmicActivity': 0.25884683391947666, 'harmonyWidth': 0.826, 'gestureEvent': 'none', 'promptHints': ['ambient sparse texture', 'bright open harmony']}
[backend] 17:20:59 INFO: MagentaEngine: control params density=0.259 brightness=0.826 tension=0.101 rhythmicActivity=0.259 harmonyWidth=0.826 gestureEvent=none prompt=ambient slow texture | bright open harmony | wide harmonic field | ambient sparse texture | bright open harmony
[backend] 17:21:00 INFO: MagentaEngine: generated audio artifact mrt2_update_1780694460.wav (0.84s, 40320 samples).
[backend] 17:21:00 INFO: danceState {'energy': 7.15, 'openness': 0.826, 'rotation': -0.124, 'smile': 0.0, 'mouthOpen': 0.09, 'leftArmHeight': 'LOW', 'rightArmHeight': 'LOW', 'gestureLeft': 'none', 'gestureRight': 'none', 'timestamp': 1780694413466}
[backend] 17:21:00 INFO: musicState {'rawEnergy': 7.15, 'normalizedEnergy': 0.258478070256766, 'density': 0.258478070256766, 'brightness': 0.826, 'tension': 0.1005, 'rhythmicActivity': 0.258478070256766, 'harmonyWidth': 0.826, 'gestureEvent': 'none', 'promptHints': ['ambient sparse texture', 'bright open harmony']}
[backend] 17:21:00 INFO: MagentaEngine: control params density=0.258 brightness=0.826 tension=0.101 rhythmicActivity=0.258 harmonyWidth=0.826 gestureEvent=none prompt=ambient slow texture | bright open harmony | wide harmonic field | ambient sparse texture | bright open harmony
[backend] 17:21:02 INFO: MagentaEngine: generated audio artifact mrt2_update_1780694462.wav (0.84s, 40320 samples).
[backend] 17:21:02 INFO: danceState {'energy': 7.15, 'openness': 0.826, 'rotation': -0.124, 'smile': 0.0, 'mouthOpen': 0.09, 'leftArmHeight': 'LOW', 'rightArmHeight': 'LOW', 'gestureLeft': 'none', 'gestureRight': 'none', 'timestamp': 1780694414463}
[backend] 17:21:02 INFO: musicState {'rawEnergy': 7.15, 'normalizedEnergy': 0.2581388076870722, 'density': 0.2581388076870722, 'brightness': 0.826, 'tension': 0.1005, 'rhythmicActivity': 0.2581388076870722, 'harmonyWidth': 0.826, 'gestureEvent': 'none', 'promptHints': ['ambient sparse texture', 'bright open harmony']}
[backend] 17:21:02 INFO: MagentaEngine: control params density=0.258 brightness=0.826 tension=0.101 rhythmicActivity=0.258 harmonyWidth=0.826 gestureEvent=none prompt=ambient slow texture | bright open harmony | wide harmonic field | ambient sparse texture | bright open harmony
[backend] 17:21:03 INFO: MagentaEngine: generated audio artifact mrt2_update_1780694463.wav (0.84s, 40320 samples).
[backend] 17:21:03 INFO: danceState {'energy': 7.15, 'openness': 0.826, 'rotation': -0.124, 'smile': 0.0, 'mouthOpen': 0.09, 'leftArmHeight': 'LOW', 'rightArmHeight': 'LOW', 'gestureLeft': 'none', 'gestureRight': 'none', 'timestamp': 1780694415463}
[backend] 17:21:03 INFO: musicState {'rawEnergy': 7.15, 'normalizedEnergy': 0.2578266861229538, 'density': 0.2578266861229538, 'brightness': 0.826, 'tension': 0.1005, 'rhythmicActivity': 0.2578266861229538, 'harmonyWidth': 0.826, 'gestureEvent': 'none', 'promptHints': ['ambient sparse texture', 'bright open harmony']}
[backend] 17:21:03 INFO: MagentaEngine: control params density=0.258 brightness=0.826 tension=0.101 rhythmicActivity=0.258 harmonyWidth=0.826 gestureEvent=none prompt=ambient slow texture | bright open harmony | wide harmonic field | ambient sparse texture | bright open harmony
[backend] 17:21:04 INFO: MagentaEngine: generated audio artifact mrt2_update_1780694464.wav (0.84s, 40320 samples).
[backend] 17:21:04 INFO: danceState {'energy': 7.15, 'openness': 0.826, 'rotation': -0.124, 'smile': 0.0, 'mouthOpen': 0.09, 'leftArmHeight': 'LOW', 'rightArmHeight': 'LOW', 'gestureLeft': 'none', 'gestureRight': 'none', 'timestamp': 1780694416466}
[backend] 17:21:04 INFO: musicState {'rawEnergy': 7.15, 'normalizedEnergy': 0.25753953428396503, 'density': 0.25753953428396503, 'brightness': 0.826, 'tension': 0.1005, 'rhythmicActivity': 0.25753953428396503, 'harmonyWidth': 0.826, 'gestureEvent': 'none', 'promptHints': ['ambient sparse texture', 'bright open harmony']}
[backend] 17:21:04 INFO: MagentaEngine: control params density=0.258 brightness=0.826 tension=0.101 rhythmicActivity=0.258 harmonyWidth=0.826 gestureEvent=none prompt=ambient slow texture | bright open harmony | wide harmonic field | ambient sparse texture | bright open harmony
[backend] 17:21:06 INFO: MagentaEngine: generated audio artifact mrt2_update_1780694466.wav (0.84s, 40320 samples).
[backend] 17:21:06 INFO: danceState {'energy': 7.15, 'openness': 0.826, 'rotation': -0.124, 'smile': 0.0, 'mouthOpen': 0.09, 'leftArmHeight': 'LOW', 'rightArmHeight': 'LOW', 'gestureLeft': 'none', 'gestureRight': 'none', 'timestamp': 1780694417464}
[backend] 17:21:06 INFO: musicState {'rawEnergy': 7.15, 'normalizedEnergy': 0.2572753545920952, 'density': 0.2572753545920952, 'brightness': 0.826, 'tension': 0.1005, 'rhythmicActivity': 0.2572753545920952, 'harmonyWidth': 0.826, 'gestureEvent': 'none', 'promptHints': ['ambient sparse texture', 'bright open harmony']}
[backend] 17:21:06 INFO: MagentaEngine: control params density=0.257 brightness=0.826 tension=0.101 rhythmicActivity=0.257 harmonyWidth=0.826 gestureEvent=none prompt=ambient slow texture | bright open harmony | wide harmonic field | ambient sparse texture | bright open harmony
[backend] 17:21:07 INFO: MagentaEngine: generated audio artifact mrt2_update_1780694467.wav (0.84s, 40320 samples).
[backend] 17:21:07 INFO: danceState {'energy': 7.15, 'openness': 0.826, 'rotation': -0.124, 'smile': 0.0, 'mouthOpen': 0.09, 'leftArmHeight': 'LOW', 'rightArmHeight': 'LOW', 'gestureLeft': 'none', 'gestureRight': 'none', 'timestamp': 1780694418462}
[backend] 17:21:07 INFO: musicState {'rawEnergy': 7.15, 'normalizedEnergy': 0.2570323092755751, 'density': 0.2570323092755751, 'brightness': 0.826, 'tension': 0.1005, 'rhythmicActivity': 0.2570323092755751, 'harmonyWidth': 0.826, 'gestureEvent': 'none', 'promptHints': ['ambient sparse texture', 'bright open harmony']}
[backend] 17:21:07 INFO: MagentaEngine: control params density=0.257 brightness=0.826 tension=0.101 rhythmicActivity=0.257 harmonyWidth=0.826 gestureEvent=none prompt=ambient slow texture | bright open harmony | wide harmonic field | ambient sparse texture | bright open harmony
[backend] 17:21:08 INFO: MagentaEngine: generated audio artifact mrt2_update_1780694468.wav (0.84s, 40320 samples).
[backend] 17:21:08 INFO: danceState {'energy': 7.15, 'openness': 0.826, 'rotation': -0.124, 'smile': 0.0, 'mouthOpen': 0.09, 'leftArmHeight': 'LOW', 'rightArmHeight': 'LOW', 'gestureLeft': 'none', 'gestureRight': 'none', 'timestamp': 1780694419466}
[backend] 17:21:08 INFO: musicState {'rawEnergy': 7.15, 'normalizedEnergy': 0.2568087075843766, 'density': 0.2568087075843766, 'brightness': 0.826, 'tension': 0.1005, 'rhythmicActivity': 0.2568087075843766, 'harmonyWidth': 0.826, 'gestureEvent': 'none', 'promptHints': ['ambient sparse texture', 'bright open harmony']}
[backend] 17:21:08 INFO: MagentaEngine: control params density=0.257 brightness=0.826 tension=0.101 rhythmicActivity=0.257 harmonyWidth=0.826 gestureEvent=none prompt=ambient slow texture | bright open harmony | wide harmonic field | ambient sparse texture | bright open harmony
[backend] 17:21:10 INFO: MagentaEngine: generated audio artifact mrt2_update_1780694470.wav (0.84s, 40320 samples).
[backend] 17:21:10 INFO: danceState {'energy': 7.15, 'openness': 0.826, 'rotation': -0.124, 'smile': 0.0, 'mouthOpen': 0.09, 'leftArmHeight': 'LOW', 'rightArmHeight': 'LOW', 'gestureLeft': 'none', 'gestureRight': 'none', 'timestamp': 1780694420465}
[backend] 17:21:10 INFO: musicState {'rawEnergy': 7.15, 'normalizedEnergy': 0.2566029940284741, 'density': 0.2566029940284741, 'brightness': 0.826, 'tension': 0.1005, 'rhythmicActivity': 0.2566029940284741, 'harmonyWidth': 0.826, 'gestureEvent': 'none', 'promptHints': ['ambient sparse texture', 'bright open harmony']}
[backend] 17:21:10 INFO: MagentaEngine: control params density=0.257 brightness=0.826 tension=0.101 rhythmicActivity=0.257 harmonyWidth=0.826 gestureEvent=none prompt=ambient slow texture | bright open harmony | wide harmonic field | ambient sparse texture | bright open harmony
[backend] 17:21:11 INFO: MagentaEngine: generated audio artifact mrt2_update_1780694471.wav (0.84s, 40320 samples).
[backend] 17:21:11 INFO: danceState {'energy': 7.15, 'openness': 0.826, 'rotation': -0.124, 'smile': 0.0, 'mouthOpen': 0.09, 'leftArmHeight': 'LOW', 'rightArmHeight': 'LOW', 'gestureLeft': 'none', 'gestureRight': 'none', 'timestamp': 1780694421466}
[backend] 17:21:11 INFO: musicState {'rawEnergy': 7.15, 'normalizedEnergy': 0.2564137375570435, 'density': 0.2564137375570435, 'brightness': 0.826, 'tension': 0.1005, 'rhythmicActivity': 0.2564137375570435, 'harmonyWidth': 0.826, 'gestureEvent': 'none', 'promptHints': ['ambient sparse texture', 'bright open harmony']}
[backend] 17:21:11 INFO: MagentaEngine: control params density=0.256 brightness=0.826 tension=0.101 rhythmicActivity=0.256 harmonyWidth=0.826 gestureEvent=none prompt=ambient slow texture | bright open harmony | wide harmonic field | ambient sparse texture | bright open harmony
[backend] 17:21:12 INFO: MagentaEngine: generated audio artifact mrt2_update_1780694472.wav (0.84s, 40320 samples).
[backend] 17:21:12 INFO: danceState {'energy': 7.15, 'openness': 0.826, 'rotation': -0.124, 'smile': 0.0, 'mouthOpen': 0.09, 'leftArmHeight': 'LOW', 'rightArmHeight': 'LOW', 'gestureLeft': 'none', 'gestureRight': 'none', 'timestamp': 1780694422466}
[backend] 17:21:12 INFO: musicState {'rawEnergy': 7.15, 'normalizedEnergy': 0.2562396216033274, 'density': 0.2562396216033274, 'brightness': 0.826, 'tension': 0.1005, 'rhythmicActivity': 0.2562396216033274, 'harmonyWidth': 0.826, 'gestureEvent': 'none', 'promptHints': ['ambient sparse texture', 'bright open harmony']}
[backend] 17:21:12 INFO: MagentaEngine: control params density=0.256 brightness=0.826 tension=0.101 rhythmicActivity=0.256 harmonyWidth=0.826 gestureEvent=none prompt=ambient slow texture | bright open harmony | wide harmonic field | ambient sparse texture | bright open harmony
[backend] 17:21:14 INFO: MagentaEngine: generated audio artifact mrt2_update_1780694474.wav (0.84s, 40320 samples).
[backend] 17:21:14 INFO: danceState {'energy': 7.15, 'openness': 0.826, 'rotation': -0.124, 'smile': 0.0, 'mouthOpen': 0.09, 'leftArmHeight': 'LOW', 'rightArmHeight': 'LOW', 'gestureLeft': 'none', 'gestureRight': 'none', 'timestamp': 1780694423464}
[backend] 17:21:14 INFO: musicState {'rawEnergy': 7.15, 'normalizedEnergy': 0.2560794349259088, 'density': 0.2560794349259088, 'brightness': 0.826, 'tension': 0.1005, 'rhythmicActivity': 0.2560794349259088, 'harmonyWidth': 0.826, 'gestureEvent': 'none', 'promptHints': ['ambient sparse texture', 'bright open harmony']}
[backend] 17:21:14 INFO: MagentaEngine: control params density=0.256 brightness=0.826 tension=0.101 rhythmicActivity=0.256 harmonyWidth=0.826 gestureEvent=none prompt=ambient slow texture | bright open harmony | wide harmonic field | ambient sparse texture | bright open harmony
[backend] 17:21:15 INFO: MagentaEngine: generated audio artifact mrt2_update_1780694475.wav (0.84s, 40320 samples).
[backend] 17:21:15 INFO: danceState {'energy': 7.15, 'openness': 0.826, 'rotation': -0.124, 'smile': 0.0, 'mouthOpen': 0.09, 'leftArmHeight': 'LOW', 'rightArmHeight': 'LOW', 'gestureLeft': 'none', 'gestureRight': 'none', 'timestamp': 1780694424465}
[backend] 17:21:15 INFO: musicState {'rawEnergy': 7.15, 'normalizedEnergy': 0.25593206318268374, 'density': 0.25593206318268374, 'brightness': 0.826, 'tension': 0.1005, 'rhythmicActivity': 0.25593206318268374, 'harmonyWidth': 0.826, 'gestureEvent': 'none', 'promptHints': ['ambient sparse texture', 'bright open harmony']}
[backend] 17:21:15 INFO: MagentaEngine: control params density=0.256 brightness=0.826 tension=0.101 rhythmicActivity=0.256 harmonyWidth=0.826 gestureEvent=none prompt=ambient slow texture | bright open harmony | wide harmonic field | ambient sparse texture | bright open harmony
[backend] 17:21:16 INFO: MagentaEngine: generated audio artifact mrt2_update_1780694476.wav (0.84s, 40320 samples).
[backend] 17:21:16 INFO: danceState {'energy': 7.15, 'openness': 0.826, 'rotation': -0.124, 'smile': 0.0, 'mouthOpen': 0.09, 'leftArmHeight': 'LOW', 'rightArmHeight': 'LOW', 'gestureLeft': 'none', 'gestureRight': 'none', 'timestamp': 1780694425463}
[backend] 17:21:16 INFO: musicState {'rawEnergy': 7.15, 'normalizedEnergy': 0.2557964811789165, 'density': 0.2557964811789165, 'brightness': 0.826, 'tension': 0.1005, 'rhythmicActivity': 0.2557964811789165, 'harmonyWidth': 0.826, 'gestureEvent': 'none', 'promptHints': ['ambient sparse texture', 'bright open harmony']}
[backend] 17:21:16 INFO: MagentaEngine: control params density=0.256 brightness=0.826 tension=0.101 rhythmicActivity=0.256 harmonyWidth=0.826 gestureEvent=none prompt=ambient slow texture | bright open harmony | wide harmonic field | ambient sparse texture | bright open harmony
[backend] 17:21:18 INFO: MagentaEngine: generated audio artifact mrt2_update_1780694478.wav (0.84s, 40320 samples).
[backend] 17:21:18 INFO: danceState {'energy': 7.15, 'openness': 0.826, 'rotation': -0.124, 'smile': 0.0, 'mouthOpen': 0.09, 'leftArmHeight': 'LOW', 'rightArmHeight': 'LOW', 'gestureLeft': 'none', 'gestureRight': 'none', 'timestamp': 1780694426464}
[backend] 17:21:18 INFO: musicState {'rawEnergy': 7.15, 'normalizedEnergy': 0.25567174573545065, 'density': 0.25567174573545065, 'brightness': 0.826, 'tension': 0.1005, 'rhythmicActivity': 0.25567174573545065, 'harmonyWidth': 0.826, 'gestureEvent': 'none', 'promptHints': ['ambient sparse texture', 'bright open harmony']}
[backend] 17:21:18 INFO: MagentaEngine: control params density=0.256 brightness=0.826 tension=0.101 rhythmicActivity=0.256 harmonyWidth=0.826 gestureEvent=none prompt=ambient slow texture | bright open harmony | wide harmonic field | ambient sparse texture | bright open harmony
[backend] 17:21:19 INFO: MagentaEngine: generated audio artifact mrt2_update_1780694479.wav (0.84s, 40320 samples).
[backend] 17:21:19 INFO: danceState {'energy': 7.15, 'openness': 0.826, 'rotation': -0.124, 'smile': 0.0, 'mouthOpen': 0.09, 'leftArmHeight': 'LOW', 'rightArmHeight': 'LOW', 'gestureLeft': 'none', 'gestureRight': 'none', 'timestamp': 1780694427464}
[backend] 17:21:19 INFO: musicState {'rawEnergy': 7.15, 'normalizedEnergy': 0.25555698912746205, 'density': 0.25555698912746205, 'brightness': 0.826, 'tension': 0.1005, 'rhythmicActivity': 0.25555698912746205, 'harmonyWidth': 0.826, 'gestureEvent': 'none', 'promptHints': ['ambient sparse texture', 'bright open harmony']}
[backend] 17:21:19 INFO: MagentaEngine: control params density=0.256 brightness=0.826 tension=0.101 rhythmicActivity=0.256 harmonyWidth=0.826 gestureEvent=none prompt=ambient slow texture | bright open harmony | wide harmonic field | ambient sparse texture | bright open harmony
[backend] 17:21:20 INFO: MagentaEngine: generated audio artifact mrt2_update_1780694480.wav (0.84s, 40320 samples).
[backend] 17:21:20 INFO: danceState {'energy': 7.15, 'openness': 0.826, 'rotation': -0.124, 'smile': 0.0, 'mouthOpen': 0.09, 'leftArmHeight': 'LOW', 'rightArmHeight': 'LOW', 'gestureLeft': 'none', 'gestureRight': 'none', 'timestamp': 1780694428463}
[backend] 17:21:20 INFO: musicState {'rawEnergy': 7.15, 'normalizedEnergy': 0.2554514130481126, 'density': 0.2554514130481126, 'brightness': 0.826, 'tension': 0.1005, 'rhythmicActivity': 0.2554514130481126, 'harmonyWidth': 0.826, 'gestureEvent': 'none', 'promptHints': ['ambient sparse texture', 'bright open harmony']}
[backend] 17:21:20 INFO: MagentaEngine: control params density=0.255 brightness=0.826 tension=0.101 rhythmicActivity=0.255 harmonyWidth=0.826 gestureEvent=none prompt=ambient slow texture | bright open harmony | wide harmonic field | ambient sparse texture | bright open harmony
[backend] 17:21:22 INFO: MagentaEngine: generated audio artifact mrt2_update_1780694482.wav (0.84s, 40320 samples).
[backend] 17:21:22 INFO: danceState {'energy': 7.15, 'openness': 0.826, 'rotation': -0.124, 'smile': 0.0, 'mouthOpen': 0.09, 'leftArmHeight': 'LOW', 'rightArmHeight': 'LOW', 'gestureLeft': 'none', 'gestureRight': 'none', 'timestamp': 1780694429463}
[backend] 17:21:22 INFO: musicState {'rawEnergy': 7.15, 'normalizedEnergy': 0.25535428305511126, 'density': 0.25535428305511126, 'brightness': 0.826, 'tension': 0.1005, 'rhythmicActivity': 0.25535428305511126, 'harmonyWidth': 0.826, 'gestureEvent': 'none', 'promptHints': ['ambient sparse texture', 'bright open harmony']}
[backend] 17:21:22 INFO: MagentaEngine: control params density=0.255 brightness=0.826 tension=0.101 rhythmicActivity=0.255 harmonyWidth=0.826 gestureEvent=none prompt=ambient slow texture | bright open harmony | wide harmonic field | ambient sparse texture | bright open harmony
[backend] 17:21:23 INFO: MagentaEngine: generated audio artifact mrt2_update_1780694483.wav (0.84s, 40320 samples).
[backend] 17:21:23 INFO: danceState {'energy': 7.15, 'openness': 0.826, 'rotation': -0.124, 'smile': 0.0, 'mouthOpen': 0.09, 'leftArmHeight': 'LOW', 'rightArmHeight': 'LOW', 'gestureLeft': 'none', 'gestureRight': 'none', 'timestamp': 1780694430463}
[backend] 17:21:23 INFO: musicState {'rawEnergy': 7.15, 'normalizedEnergy': 0.25526492346154983, 'density': 0.25526492346154983, 'brightness': 0.826, 'tension': 0.1005, 'rhythmicActivity': 0.25526492346154983, 'harmonyWidth': 0.826, 'gestureEvent': 'none', 'promptHints': ['ambient sparse texture', 'bright open harmony']}
[backend] 17:21:23 INFO: MagentaEngine: control params density=0.255 brightness=0.826 tension=0.101 rhythmicActivity=0.255 harmonyWidth=0.826 gestureEvent=none prompt=ambient slow texture | bright open harmony | wide harmonic field | ambient sparse texture | bright open harmony
[backend] 17:21:24 INFO: MagentaEngine: generated audio artifact mrt2_update_1780694484.wav (0.84s, 40320 samples).
[backend] 17:21:24 INFO: danceState {'energy': 7.15, 'openness': 0.826, 'rotation': -0.124, 'smile': 0.0, 'mouthOpen': 0.09, 'leftArmHeight': 'LOW', 'rightArmHeight': 'LOW', 'gestureLeft': 'none', 'gestureRight': 'none', 'timestamp': 1780694431463}
[backend] 17:21:24 INFO: musicState {'rawEnergy': 7.15, 'normalizedEnergy': 0.2551827126354732, 'density': 0.2551827126354732, 'brightness': 0.826, 'tension': 0.1005, 'rhythmicActivity': 0.2551827126354732, 'harmonyWidth': 0.826, 'gestureEvent': 'none', 'promptHints': ['ambient sparse texture', 'bright open harmony']}
[backend] 17:21:24 INFO: MagentaEngine: control params density=0.255 brightness=0.826 tension=0.101 rhythmicActivity=0.255 harmonyWidth=0.826 gestureEvent=none prompt=ambient slow texture | bright open harmony | wide harmonic field | ambient sparse texture | bright open harmony
[backend] 17:21:26 INFO: MagentaEngine: generated audio artifact mrt2_update_1780694486.wav (0.84s, 40320 samples).
[backend] 17:21:26 INFO: danceState {'energy': 7.15, 'openness': 0.826, 'rotation': -0.124, 'smile': 0.0, 'mouthOpen': 0.09, 'leftArmHeight': 'LOW', 'rightArmHeight': 'LOW', 'gestureLeft': 'none', 'gestureRight': 'none', 'timestamp': 1780694432463}
[backend] 17:21:26 INFO: musicState {'rawEnergy': 7.15, 'normalizedEnergy': 0.25510707867548266, 'density': 0.25510707867548266, 'brightness': 0.826, 'tension': 0.1005, 'rhythmicActivity': 0.25510707867548266, 'harmonyWidth': 0.826, 'gestureEvent': 'none', 'promptHints': ['ambient sparse texture', 'bright open harmony']}
[backend] 17:21:26 INFO: MagentaEngine: control params density=0.255 brightness=0.826 tension=0.101 rhythmicActivity=0.255 harmonyWidth=0.826 gestureEvent=none prompt=ambient slow texture | bright open harmony | wide harmonic field | ambient sparse texture | bright open harmony
[backend] 17:21:27 INFO: MagentaEngine: generated audio artifact mrt2_update_1780694487.wav (0.84s, 40320 samples).
[backend] 17:21:27 INFO: danceState {'energy': 7.15, 'openness': 0.826, 'rotation': -0.124, 'smile': 0.0, 'mouthOpen': 0.09, 'leftArmHeight': 'LOW', 'rightArmHeight': 'LOW', 'gestureLeft': 'none', 'gestureRight': 'none', 'timestamp': 1780694433464}
[backend] 17:21:27 INFO: musicState {'rawEnergy': 7.15, 'normalizedEnergy': 0.2550374954322915, 'density': 0.2550374954322915, 'brightness': 0.826, 'tension': 0.1005, 'rhythmicActivity': 0.2550374954322915, 'harmonyWidth': 0.826, 'gestureEvent': 'none', 'promptHints': ['ambient sparse texture', 'bright open harmony']}
[backend] 17:21:27 INFO: MagentaEngine: control params density=0.255 brightness=0.826 tension=0.101 rhythmicActivity=0.255 harmonyWidth=0.826 gestureEvent=none prompt=ambient slow texture | bright open harmony | wide harmonic field | ambient sparse texture | bright open harmony
[backend] 17:21:28 INFO: MagentaEngine: generated audio artifact mrt2_update_1780694488.wav (0.84s, 40320 samples).
[backend] 17:21:28 INFO: danceState {'energy': 7.15, 'openness': 0.826, 'rotation': -0.124, 'smile': 0.0, 'mouthOpen': 0.09, 'leftArmHeight': 'LOW', 'rightArmHeight': 'LOW', 'gestureLeft': 'none', 'gestureRight': 'none', 'timestamp': 1780694434462}
[backend] 17:21:28 INFO: musicState {'rawEnergy': 7.15, 'normalizedEnergy': 0.2549734788485557, 'density': 0.2549734788485557, 'brightness': 0.826, 'tension': 0.1005, 'rhythmicActivity': 0.2549734788485557, 'harmonyWidth': 0.826, 'gestureEvent': 'none', 'promptHints': ['ambient sparse texture', 'bright open harmony']}
[backend] 17:21:28 INFO: MagentaEngine: control params density=0.255 brightness=0.826 tension=0.101 rhythmicActivity=0.255 harmonyWidth=0.826 gestureEvent=none prompt=ambient slow texture | bright open harmony | wide harmonic field | ambient sparse texture | bright open harmony
[backend] 17:21:29 INFO: MagentaEngine: generated audio artifact mrt2_update_1780694489.wav (0.84s, 40320 samples).
[backend] 17:21:29 INFO: danceState {'energy': 7.15, 'openness': 0.826, 'rotation': -0.124, 'smile': 0.0, 'mouthOpen': 0.09, 'leftArmHeight': 'LOW', 'rightArmHeight': 'LOW', 'gestureLeft': 'none', 'gestureRight': 'none', 'timestamp': 1780694435462}
[backend] 17:21:29 INFO: musicState {'rawEnergy': 7.15, 'normalizedEnergy': 0.2549145835915187, 'density': 0.2549145835915187, 'brightness': 0.826, 'tension': 0.1005, 'rhythmicActivity': 0.2549145835915187, 'harmonyWidth': 0.826, 'gestureEvent': 'none', 'promptHints': ['ambient sparse texture', 'bright open harmony']}
[backend] 17:21:29 INFO: MagentaEngine: control params density=0.255 brightness=0.826 tension=0.101 rhythmicActivity=0.255 harmonyWidth=0.826 gestureEvent=none prompt=ambient slow texture | bright open harmony | wide harmonic field | ambient sparse texture | bright open harmony
[backend] 17:21:30 INFO: MagentaEngine: generated audio artifact mrt2_update_1780694490.wav (0.84s, 40320 samples).
[backend] 17:21:30 INFO: danceState {'energy': 7.15, 'openness': 0.826, 'rotation': -0.124, 'smile': 0.0, 'mouthOpen': 0.09, 'leftArmHeight': 'LOW', 'rightArmHeight': 'LOW', 'gestureLeft': 'none', 'gestureRight': 'none', 'timestamp': 1780694436464}
[backend] 17:21:30 INFO: musicState {'rawEnergy': 7.15, 'normalizedEnergy': 0.2548603999550447, 'density': 0.2548603999550447, 'brightness': 0.826, 'tension': 0.1005, 'rhythmicActivity': 0.2548603999550447, 'harmonyWidth': 0.826, 'gestureEvent': 'none', 'promptHints': ['ambient sparse texture', 'bright open harmony']}
[backend] 17:21:30 INFO: MagentaEngine: control params density=0.255 brightness=0.826 tension=0.101 rhythmicActivity=0.255 harmonyWidth=0.826 gestureEvent=none prompt=ambient slow texture | bright open harmony | wide harmonic field | ambient sparse texture | bright open harmony
[backend] 17:21:32 INFO: MagentaEngine: generated audio artifact mrt2_update_1780694492.wav (0.84s, 40320 samples).
[backend] 17:21:32 INFO: danceState {'energy': 7.15, 'openness': 0.826, 'rotation': -0.124, 'smile': 0.0, 'mouthOpen': 0.09, 'leftArmHeight': 'LOW', 'rightArmHeight': 'LOW', 'gestureLeft': 'none', 'gestureRight': 'none', 'timestamp': 1780694437464}
[backend] 17:21:32 INFO: musicState {'rawEnergy': 7.15, 'normalizedEnergy': 0.25481055100948874, 'density': 0.25481055100948874, 'brightness': 0.826, 'tension': 0.1005, 'rhythmicActivity': 0.25481055100948874, 'harmonyWidth': 0.826, 'gestureEvent': 'none', 'promptHints': ['ambient sparse texture', 'bright open harmony']}
[backend] 17:21:32 INFO: MagentaEngine: control params density=0.255 brightness=0.826 tension=0.101 rhythmicActivity=0.255 harmonyWidth=0.826 gestureEvent=none prompt=ambient slow texture | bright open harmony | wide harmonic field | ambient sparse texture | bright open harmony
[backend] 17:21:33 INFO: MagentaEngine: generated audio artifact mrt2_update_1780694493.wav (0.84s, 40320 samples).
[backend] 17:21:33 INFO: danceState {'energy': 7.15, 'openness': 0.826, 'rotation': -0.124, 'smile': 0.0, 'mouthOpen': 0.09, 'leftArmHeight': 'LOW', 'rightArmHeight': 'LOW', 'gestureLeft': 'none', 'gestureRight': 'none', 'timestamp': 1780694438465}
[backend] 17:21:33 INFO: musicState {'rawEnergy': 7.15, 'normalizedEnergy': 0.2547646899795774, 'density': 0.2547646899795774, 'brightness': 0.826, 'tension': 0.1005, 'rhythmicActivity': 0.2547646899795774, 'harmonyWidth': 0.826, 'gestureEvent': 'none', 'promptHints': ['ambient sparse texture', 'bright open harmony']}
[backend] 17:21:33 INFO: MagentaEngine: control params density=0.255 brightness=0.826 tension=0.101 rhythmicActivity=0.255 harmonyWidth=0.826 gestureEvent=none prompt=ambient slow texture | bright open harmony | wide harmonic field | ambient sparse texture | bright open harmony
[backend] 17:21:34 INFO: MagentaEngine: generated audio artifact mrt2_update_1780694494.wav (0.84s, 40320 samples).
[backend] 17:21:34 INFO: danceState {'energy': 7.15, 'openness': 0.826, 'rotation': -0.124, 'smile': 0.0, 'mouthOpen': 0.09, 'leftArmHeight': 'LOW', 'rightArmHeight': 'LOW', 'gestureLeft': 'none', 'gestureRight': 'none', 'timestamp': 1780694439464}
[backend] 17:21:34 INFO: musicState {'rawEnergy': 7.15, 'normalizedEnergy': 0.2547224978320585, 'density': 0.2547224978320585, 'brightness': 0.826, 'tension': 0.1005, 'rhythmicActivity': 0.2547224978320585, 'harmonyWidth': 0.826, 'gestureEvent': 'none', 'promptHints': ['ambient sparse texture', 'bright open harmony']}
[backend] 17:21:34 INFO: MagentaEngine: control params density=0.255 brightness=0.826 tension=0.101 rhythmicActivity=0.255 harmonyWidth=0.826 gestureEvent=none prompt=ambient slow texture | bright open harmony | wide harmonic field | ambient sparse texture | bright open harmony
[backend] 17:21:35 INFO: MagentaEngine: generated audio artifact mrt2_update_1780694495.wav (0.84s, 40320 samples).
[backend] 17:21:35 INFO: danceState {'energy': 7.15, 'openness': 0.826, 'rotation': -0.124, 'smile': 0.0, 'mouthOpen': 0.09, 'leftArmHeight': 'LOW', 'rightArmHeight': 'LOW', 'gestureLeft': 'none', 'gestureRight': 'none', 'timestamp': 1780694440465}
[backend] 17:21:35 INFO: musicState {'rawEnergy': 7.15, 'normalizedEnergy': 0.25468368105634115, 'density': 0.25468368105634115, 'brightness': 0.826, 'tension': 0.1005, 'rhythmicActivity': 0.25468368105634115, 'harmonyWidth': 0.826, 'gestureEvent': 'none', 'promptHints': ['ambient sparse texture', 'bright open harmony']}
[backend] 17:21:35 INFO: MagentaEngine: control params density=0.255 brightness=0.826 tension=0.101 rhythmicActivity=0.255 harmonyWidth=0.826 gestureEvent=none prompt=ambient slow texture | bright open harmony | wide harmonic field | ambient sparse texture | bright open harmony
[backend] 17:21:36 INFO: MagentaEngine: generated audio artifact mrt2_update_1780694496.wav (0.84s, 40320 samples).
[backend] 17:21:36 INFO: danceState {'energy': 7.15, 'openness': 0.826, 'rotation': -0.124, 'smile': 0.0, 'mouthOpen': 0.09, 'leftArmHeight': 'LOW', 'rightArmHeight': 'LOW', 'gestureLeft': 'none', 'gestureRight': 'none', 'timestamp': 1780694441464}
[backend] 17:21:36 INFO: musicState {'rawEnergy': 7.15, 'normalizedEnergy': 0.2546479696226814, 'density': 0.2546479696226814, 'brightness': 0.826, 'tension': 0.1005, 'rhythmicActivity': 0.2546479696226814, 'harmonyWidth': 0.826, 'gestureEvent': 'none', 'promptHints': ['ambient sparse texture', 'bright open harmony']}
[backend] 17:21:36 INFO: MagentaEngine: control params density=0.255 brightness=0.826 tension=0.101 rhythmicActivity=0.255 harmonyWidth=0.826 gestureEvent=none prompt=ambient slow texture | bright open harmony | wide harmonic field | ambient sparse texture | bright open harmony
[backend] 17:21:38 INFO: MagentaEngine: generated audio artifact mrt2_update_1780694498.wav (0.84s, 40320 samples).
[backend] 17:21:38 INFO: danceState {'energy': 7.15, 'openness': 0.826, 'rotation': -0.124, 'smile': 0.0, 'mouthOpen': 0.09, 'leftArmHeight': 'LOW', 'rightArmHeight': 'LOW', 'gestureLeft': 'none', 'gestureRight': 'none', 'timestamp': 1780694442466}
[backend] 17:21:38 INFO: musicState {'rawEnergy': 7.15, 'normalizedEnergy': 0.25461511510371443, 'density': 0.25461511510371443, 'brightness': 0.826, 'tension': 0.1005, 'rhythmicActivity': 0.25461511510371443, 'harmonyWidth': 0.826, 'gestureEvent': 'none', 'promptHints': ['ambient sparse texture', 'bright open harmony']}
[backend] 17:21:38 INFO: MagentaEngine: control params density=0.255 brightness=0.826 tension=0.101 rhythmicActivity=0.255 harmonyWidth=0.826 gestureEvent=none prompt=ambient slow texture | bright open harmony | wide harmonic field | ambient sparse texture | bright open harmony
[backend] 17:21:39 INFO: MagentaEngine: generated audio artifact mrt2_update_1780694499.wav (0.84s, 40320 samples).
[backend] 17:21:39 INFO: danceState {'energy': 7.15, 'openness': 0.826, 'rotation': -0.124, 'smile': 0.0, 'mouthOpen': 0.09, 'leftArmHeight': 'LOW', 'rightArmHeight': 'LOW', 'gestureLeft': 'none', 'gestureRight': 'none', 'timestamp': 1780694443463}
[backend] 17:21:39 INFO: musicState {'rawEnergy': 7.15, 'normalizedEnergy': 0.2545848889462647, 'density': 0.2545848889462647, 'brightness': 0.826, 'tension': 0.1005, 'rhythmicActivity': 0.2545848889462647, 'harmonyWidth': 0.826, 'gestureEvent': 'none', 'promptHints': ['ambient sparse texture', 'bright open harmony']}
[backend] 17:21:39 INFO: MagentaEngine: control params density=0.255 brightness=0.826 tension=0.101 rhythmicActivity=0.255 harmonyWidth=0.826 gestureEvent=none prompt=ambient slow texture | bright open harmony | wide harmonic field | ambient sparse texture | bright open harmony
[backend] 17:21:40 INFO: MagentaEngine: generated audio artifact mrt2_update_1780694500.wav (0.84s, 40320 samples).
[backend] 17:21:40 INFO: danceState {'energy': 7.15, 'openness': 0.826, 'rotation': -0.124, 'smile': 0.0, 'mouthOpen': 0.09, 'leftArmHeight': 'LOW', 'rightArmHeight': 'LOW', 'gestureLeft': 'none', 'gestureRight': 'none', 'timestamp': 1780694444463}
[backend] 17:21:40 INFO: musicState {'rawEnergy': 7.15, 'normalizedEnergy': 0.25455708088141116, 'density': 0.25455708088141116, 'brightness': 0.826, 'tension': 0.1005, 'rhythmicActivity': 0.25455708088141116, 'harmonyWidth': 0.826, 'gestureEvent': 'none', 'promptHints': ['ambient sparse texture', 'bright open harmony']}
[backend] 17:21:40 INFO: MagentaEngine: control params density=0.255 brightness=0.826 tension=0.101 rhythmicActivity=0.255 harmonyWidth=0.826 gestureEvent=none prompt=ambient slow texture | bright open harmony | wide harmonic field | ambient sparse texture | bright open harmony
[backend] 17:21:41 INFO: MagentaEngine: generated audio artifact mrt2_update_1780694501.wav (0.84s, 40320 samples).
[backend] 17:21:41 INFO: danceState {'energy': 7.15, 'openness': 0.826, 'rotation': -0.124, 'smile': 0.0, 'mouthOpen': 0.09, 'leftArmHeight': 'LOW', 'rightArmHeight': 'LOW', 'gestureLeft': 'none', 'gestureRight': 'none', 'timestamp': 1780694445464}
[backend] 17:21:41 INFO: musicState {'rawEnergy': 7.15, 'normalizedEnergy': 0.25453149746174586, 'density': 0.25453149746174586, 'brightness': 0.826, 'tension': 0.1005, 'rhythmicActivity': 0.25453149746174586, 'harmonyWidth': 0.826, 'gestureEvent': 'none', 'promptHints': ['ambient sparse texture', 'bright open harmony']}
[backend] 17:21:41 INFO: MagentaEngine: control params density=0.255 brightness=0.826 tension=0.101 rhythmicActivity=0.255 harmonyWidth=0.826 gestureEvent=none prompt=ambient slow texture | bright open harmony | wide harmonic field | ambient sparse texture | bright open harmony
[backend] 17:21:42 INFO: MagentaEngine: generated audio artifact mrt2_update_1780694502.wav (0.84s, 40320 samples).
[backend] 17:21:42 INFO: danceState {'energy': 7.15, 'openness': 0.826, 'rotation': -0.124, 'smile': 0.0, 'mouthOpen': 0.09, 'leftArmHeight': 'LOW', 'rightArmHeight': 'LOW', 'gestureLeft': 'none', 'gestureRight': 'none', 'timestamp': 1780694446465}
[backend] 17:21:42 INFO: musicState {'rawEnergy': 7.15, 'normalizedEnergy': 0.2545079607156538, 'density': 0.2545079607156538, 'brightness': 0.826, 'tension': 0.1005, 'rhythmicActivity': 0.2545079607156538, 'harmonyWidth': 0.826, 'gestureEvent': 'none', 'promptHints': ['ambient sparse texture', 'bright open harmony']}
[backend] 17:21:42 INFO: MagentaEngine: control params density=0.255 brightness=0.826 tension=0.101 rhythmicActivity=0.255 harmonyWidth=0.826 gestureEvent=none prompt=ambient slow texture | bright open harmony | wide harmonic field | ambient sparse texture | bright open harmony
[backend] 17:21:44 INFO: MagentaEngine: generated audio artifact mrt2_update_1780694504.wav (0.84s, 40320 samples).
[backend] 17:21:44 INFO: danceState {'energy': 7.15, 'openness': 0.826, 'rotation': -0.124, 'smile': 0.0, 'mouthOpen': 0.09, 'leftArmHeight': 'LOW', 'rightArmHeight': 'LOW', 'gestureLeft': 'none', 'gestureRight': 'none', 'timestamp': 1780694447466}
[backend] 17:21:44 INFO: musicState {'rawEnergy': 7.15, 'normalizedEnergy': 0.25448630690924906, 'density': 0.25448630690924906, 'brightness': 0.826, 'tension': 0.1005, 'rhythmicActivity': 0.25448630690924906, 'harmonyWidth': 0.826, 'gestureEvent': 'none', 'promptHints': ['ambient sparse texture', 'bright open harmony']}
[backend] 17:21:44 INFO: MagentaEngine: control params density=0.254 brightness=0.826 tension=0.101 rhythmicActivity=0.254 harmonyWidth=0.826 gestureEvent=none prompt=ambient slow texture | bright open harmony | wide harmonic field | ambient sparse texture | bright open harmony
[backend] 17:21:45 INFO: MagentaEngine: generated audio artifact mrt2_update_1780694505.wav (0.84s, 40320 samples).
[backend] 17:21:45 INFO: danceState {'energy': 7.15, 'openness': 0.826, 'rotation': -0.124, 'smile': 0.0, 'mouthOpen': 0.09, 'leftArmHeight': 'LOW', 'rightArmHeight': 'LOW', 'gestureLeft': 'none', 'gestureRight': 'none', 'timestamp': 1780694448463}
[backend] 17:21:45 INFO: musicState {'rawEnergy': 7.15, 'normalizedEnergy': 0.25446638540735617, 'density': 0.25446638540735617, 'brightness': 0.826, 'tension': 0.1005, 'rhythmicActivity': 0.25446638540735617, 'harmonyWidth': 0.826, 'gestureEvent': 'none', 'promptHints': ['ambient sparse texture', 'bright open harmony']}
[backend] 17:21:45 INFO: MagentaEngine: control params density=0.254 brightness=0.826 tension=0.101 rhythmicActivity=0.254 harmonyWidth=0.826 gestureEvent=none prompt=ambient slow texture | bright open harmony | wide harmonic field | ambient sparse texture | bright open harmony
[backend] 17:21:46 INFO: MagentaEngine: generated audio artifact mrt2_update_1780694506.wav (0.84s, 40320 samples).
[backend] 17:21:46 INFO: danceState {'energy': 7.15, 'openness': 0.826, 'rotation': -0.124, 'smile': 0.0, 'mouthOpen': 0.09, 'leftArmHeight': 'LOW', 'rightArmHeight': 'LOW', 'gestureLeft': 'none', 'gestureRight': 'none', 'timestamp': 1780694449464}
[backend] 17:21:46 INFO: musicState {'rawEnergy': 7.15, 'normalizedEnergy': 0.2544480576256146, 'density': 0.2544480576256146, 'brightness': 0.826, 'tension': 0.1005, 'rhythmicActivity': 0.2544480576256146, 'harmonyWidth': 0.826, 'gestureEvent': 'none', 'promptHints': ['ambient sparse texture', 'bright open harmony']}
[backend] 17:21:46 INFO: MagentaEngine: control params density=0.254 brightness=0.826 tension=0.101 rhythmicActivity=0.254 harmonyWidth=0.826 gestureEvent=none prompt=ambient slow texture | bright open harmony | wide harmonic field | ambient sparse texture | bright open harmony
[backend] 17:21:47 INFO: MagentaEngine: generated audio artifact mrt2_update_1780694507.wav (0.84s, 40320 samples).
[backend] 17:21:47 INFO: danceState {'energy': 7.15, 'openness': 0.826, 'rotation': -0.124, 'smile': 0.0, 'mouthOpen': 0.09, 'leftArmHeight': 'LOW', 'rightArmHeight': 'LOW', 'gestureLeft': 'none', 'gestureRight': 'none', 'timestamp': 1780694450465}
[backend] 17:21:47 INFO: musicState {'rawEnergy': 7.15, 'normalizedEnergy': 0.2544311960664126, 'density': 0.2544311960664126, 'brightness': 0.826, 'tension': 0.1005, 'rhythmicActivity': 0.2544311960664126, 'harmonyWidth': 0.826, 'gestureEvent': 'none', 'promptHints': ['ambient sparse texture', 'bright open harmony']}
[backend] 17:21:47 INFO: MagentaEngine: control params density=0.254 brightness=0.826 tension=0.101 rhythmicActivity=0.254 harmonyWidth=0.826 gestureEvent=none prompt=ambient slow texture | bright open harmony | wide harmonic field | ambient sparse texture | bright open harmony
[backend] 17:21:49 INFO: MagentaEngine: generated audio artifact mrt2_update_1780694509.wav (0.84s, 40320 samples).
[backend] 17:21:49 INFO: danceState {'energy': 7.15, 'openness': 0.826, 'rotation': -0.124, 'smile': 0.0, 'mouthOpen': 0.09, 'leftArmHeight': 'LOW', 'rightArmHeight': 'LOW', 'gestureLeft': 'none', 'gestureRight': 'none', 'timestamp': 1780694451462}
[backend] 17:21:49 INFO: musicState {'rawEnergy': 7.15, 'normalizedEnergy': 0.2544156834319473, 'density': 0.2544156834319473, 'brightness': 0.826, 'tension': 0.1005, 'rhythmicActivity': 0.2544156834319473, 'harmonyWidth': 0.826, 'gestureEvent': 'none', 'promptHints': ['ambient sparse texture', 'bright open harmony']}
[backend] 17:21:49 INFO: MagentaEngine: control params density=0.254 brightness=0.826 tension=0.101 rhythmicActivity=0.254 harmonyWidth=0.826 gestureEvent=none prompt=ambient slow texture | bright open harmony | wide harmonic field | ambient sparse texture | bright open harmony
[backend] 17:21:50 INFO: MagentaEngine: generated audio artifact mrt2_update_1780694510.wav (0.84s, 40320 samples).
[backend] 17:21:50 INFO: danceState {'energy': 7.15, 'openness': 0.826, 'rotation': -0.124, 'smile': 0.0, 'mouthOpen': 0.09, 'leftArmHeight': 'LOW', 'rightArmHeight': 'LOW', 'gestureLeft': 'none', 'gestureRight': 'none', 'timestamp': 1780694452466}
[backend] 17:21:50 INFO: musicState {'rawEnergy': 7.15, 'normalizedEnergy': 0.25440141180823894, 'density': 0.25440141180823894, 'brightness': 0.826, 'tension': 0.1005, 'rhythmicActivity': 0.25440141180823894, 'harmonyWidth': 0.826, 'gestureEvent': 'none', 'promptHints': ['ambient sparse texture', 'bright open harmony']}
[backend] 17:21:50 INFO: MagentaEngine: control params density=0.254 brightness=0.826 tension=0.101 rhythmicActivity=0.254 harmonyWidth=0.826 gestureEvent=none prompt=ambient slow texture | bright open harmony | wide harmonic field | ambient sparse texture | bright open harmony
[backend] 17:21:51 INFO: MagentaEngine: generated audio artifact mrt2_update_1780694511.wav (0.84s, 40320 samples).
[backend] 17:21:51 INFO: danceState {'energy': 7.15, 'openness': 0.826, 'rotation': -0.124, 'smile': 0.0, 'mouthOpen': 0.09, 'leftArmHeight': 'LOW', 'rightArmHeight': 'LOW', 'gestureLeft': 'none', 'gestureRight': 'none', 'timestamp': 1780694453465}
[backend] 17:21:51 INFO: musicState {'rawEnergy': 7.15, 'normalizedEnergy': 0.25438828191442736, 'density': 0.25438828191442736, 'brightness': 0.826, 'tension': 0.1005, 'rhythmicActivity': 0.25438828191442736, 'harmonyWidth': 0.826, 'gestureEvent': 'none', 'promptHints': ['ambient sparse texture', 'bright open harmony']}
[backend] 17:21:51 INFO: MagentaEngine: control params density=0.254 brightness=0.826 tension=0.101 rhythmicActivity=0.254 harmonyWidth=0.826 gestureEvent=none prompt=ambient slow texture | bright open harmony | wide harmonic field | ambient sparse texture | bright open harmony
[backend] 17:21:52 INFO: MagentaEngine: generated audio artifact mrt2_update_1780694512.wav (0.84s, 40320 samples).
[backend] 17:21:52 INFO: danceState {'energy': 7.15, 'openness': 0.826, 'rotation': -0.124, 'smile': 0.0, 'mouthOpen': 0.09, 'leftArmHeight': 'LOW', 'rightArmHeight': 'LOW', 'gestureLeft': 'none', 'gestureRight': 'none', 'timestamp': 1780694454463}
[backend] 17:21:52 INFO: musicState {'rawEnergy': 7.15, 'normalizedEnergy': 0.2543762024121205, 'density': 0.2543762024121205, 'brightness': 0.826, 'tension': 0.1005, 'rhythmicActivity': 0.2543762024121205, 'harmonyWidth': 0.826, 'gestureEvent': 'none', 'promptHints': ['ambient sparse texture', 'bright open harmony']}
[backend] 17:21:52 INFO: MagentaEngine: control params density=0.254 brightness=0.826 tension=0.101 rhythmicActivity=0.254 harmonyWidth=0.826 gestureEvent=none prompt=ambient slow texture | bright open harmony | wide harmonic field | ambient sparse texture | bright open harmony
[backend] 17:21:53 INFO: MagentaEngine: generated audio artifact mrt2_update_1780694513.wav (0.84s, 40320 samples).
[backend] 17:21:53 INFO: danceState {'energy': 7.15, 'openness': 0.826, 'rotation': -0.124, 'smile': 0.0, 'mouthOpen': 0.09, 'leftArmHeight': 'LOW', 'rightArmHeight': 'LOW', 'gestureLeft': 'none', 'gestureRight': 'none', 'timestamp': 1780694455465}
[backend] 17:21:53 INFO: musicState {'rawEnergy': 7.15, 'normalizedEnergy': 0.25436508926999857, 'density': 0.25436508926999857, 'brightness': 0.826, 'tension': 0.1005, 'rhythmicActivity': 0.25436508926999857, 'harmonyWidth': 0.826, 'gestureEvent': 'none', 'promptHints': ['ambient sparse texture', 'bright open harmony']}
[backend] 17:21:53 INFO: MagentaEngine: control params density=0.254 brightness=0.826 tension=0.101 rhythmicActivity=0.254 harmonyWidth=0.826 gestureEvent=none prompt=ambient slow texture | bright open harmony | wide harmonic field | ambient sparse texture | bright open harmony
[backend] 17:21:55 INFO: MagentaEngine: generated audio artifact mrt2_update_1780694515.wav (0.84s, 40320 samples).
[backend] 17:21:55 INFO: danceState {'energy': 7.15, 'openness': 0.826, 'rotation': -0.124, 'smile': 0.0, 'mouthOpen': 0.09, 'leftArmHeight': 'LOW', 'rightArmHeight': 'LOW', 'gestureLeft': 'none', 'gestureRight': 'none', 'timestamp': 1780694456463}
[backend] 17:21:55 INFO: musicState {'rawEnergy': 7.15, 'normalizedEnergy': 0.25435486517924666, 'density': 0.25435486517924666, 'brightness': 0.826, 'tension': 0.1005, 'rhythmicActivity': 0.25435486517924666, 'harmonyWidth': 0.826, 'gestureEvent': 'none', 'promptHints': ['ambient sparse texture', 'bright open harmony']}
[backend] 17:21:55 INFO: MagentaEngine: control params density=0.254 brightness=0.826 tension=0.101 rhythmicActivity=0.254 harmonyWidth=0.826 gestureEvent=none prompt=ambient slow texture | bright open harmony | wide harmonic field | ambient sparse texture | bright open harmony
[backend] 17:21:56 INFO: MagentaEngine: generated audio artifact mrt2_update_1780694516.wav (0.84s, 40320 samples).
[backend] 17:21:56 INFO: danceState {'energy': 7.15, 'openness': 0.826, 'rotation': -0.124, 'smile': 0.0, 'mouthOpen': 0.09, 'leftArmHeight': 'LOW', 'rightArmHeight': 'LOW', 'gestureLeft': 'none', 'gestureRight': 'none', 'timestamp': 1780694457464}
[backend] 17:21:56 INFO: musicState {'rawEnergy': 7.15, 'normalizedEnergy': 0.2543454590157541, 'density': 0.2543454590157541, 'brightness': 0.826, 'tension': 0.1005, 'rhythmicActivity': 0.2543454590157541, 'harmonyWidth': 0.826, 'gestureEvent': 'none', 'promptHints': ['ambient sparse texture', 'bright open harmony']}
[backend] 17:21:56 INFO: MagentaEngine: control params density=0.254 brightness=0.826 tension=0.101 rhythmicActivity=0.254 harmonyWidth=0.826 gestureEvent=none prompt=ambient slow texture | bright open harmony | wide harmonic field | ambient sparse texture | bright open harmony
[backend] 17:21:57 INFO: MagentaEngine: generated audio artifact mrt2_update_1780694517.wav (0.84s, 40320 samples).
[backend] 17:21:57 INFO: danceState {'energy': 7.15, 'openness': 0.826, 'rotation': -0.124, 'smile': 0.0, 'mouthOpen': 0.09, 'leftArmHeight': 'LOW', 'rightArmHeight': 'LOW', 'gestureLeft': 'none', 'gestureRight': 'none', 'timestamp': 1780694458464}
[backend] 17:21:57 INFO: musicState {'rawEnergy': 7.15, 'normalizedEnergy': 0.2543368053453409, 'density': 0.2543368053453409, 'brightness': 0.826, 'tension': 0.1005, 'rhythmicActivity': 0.2543368053453409, 'harmonyWidth': 0.826, 'gestureEvent': 'none', 'promptHints': ['ambient sparse texture', 'bright open harmony']}
[backend] 17:21:57 INFO: MagentaEngine: control params density=0.254 brightness=0.826 tension=0.101 rhythmicActivity=0.254 harmonyWidth=0.826 gestureEvent=none prompt=ambient slow texture | bright open harmony | wide harmonic field | ambient sparse texture | bright open harmony
[backend] 17:21:58 INFO: MagentaEngine: generated audio artifact mrt2_update_1780694518.wav (0.84s, 40320 samples).
[backend] 17:21:58 INFO: danceState {'energy': 7.15, 'openness': 0.826, 'rotation': -0.124, 'smile': 0.0, 'mouthOpen': 0.09, 'leftArmHeight': 'LOW', 'rightArmHeight': 'LOW', 'gestureLeft': 'none', 'gestureRight': 'none', 'timestamp': 1780694459465}
[backend] 17:21:58 INFO: musicState {'rawEnergy': 7.15, 'normalizedEnergy': 0.25432884396856054, 'density': 0.25432884396856054, 'brightness': 0.826, 'tension': 0.1005, 'rhythmicActivity': 0.25432884396856054, 'harmonyWidth': 0.826, 'gestureEvent': 'none', 'promptHints': ['ambient sparse texture', 'bright open harmony']}
[backend] 17:21:58 INFO: MagentaEngine: control params density=0.254 brightness=0.826 tension=0.101 rhythmicActivity=0.254 harmonyWidth=0.826 gestureEvent=none prompt=ambient slow texture | bright open harmony | wide harmonic field | ambient sparse texture | bright open harmony
[backend] 17:22:00 INFO: MagentaEngine: generated audio artifact mrt2_update_1780694520.wav (0.84s, 40320 samples).
[backend] 17:22:00 INFO: danceState {'energy': 7.15, 'openness': 0.826, 'rotation': -0.124, 'smile': 0.0, 'mouthOpen': 0.09, 'leftArmHeight': 'LOW', 'rightArmHeight': 'LOW', 'gestureLeft': 'none', 'gestureRight': 'none', 'timestamp': 1780694460464}
[backend] 17:22:00 INFO: musicState {'rawEnergy': 7.15, 'normalizedEnergy': 0.2543215195019229, 'density': 0.2543215195019229, 'brightness': 0.826, 'tension': 0.1005, 'rhythmicActivity': 0.2543215195019229, 'harmonyWidth': 0.826, 'gestureEvent': 'none', 'promptHints': ['ambient sparse texture', 'bright open harmony']}
[backend] 17:22:00 INFO: MagentaEngine: control params density=0.254 brightness=0.826 tension=0.101 rhythmicActivity=0.254 harmonyWidth=0.826 gestureEvent=none prompt=ambient slow texture | bright open harmony | wide harmonic field | ambient sparse texture | bright open harmony
[backend] 17:22:01 INFO: MagentaEngine: generated audio artifact mrt2_update_1780694521.wav (0.84s, 40320 samples).
[backend] 17:22:01 INFO: danceState {'energy': 7.15, 'openness': 0.826, 'rotation': -0.124, 'smile': 0.0, 'mouthOpen': 0.09, 'leftArmHeight': 'LOW', 'rightArmHeight': 'LOW', 'gestureLeft': 'none', 'gestureRight': 'none', 'timestamp': 1780694461463}
[backend] 17:22:01 INFO: musicState {'rawEnergy': 7.15, 'normalizedEnergy': 0.2543147809926166, 'density': 0.2543147809926166, 'brightness': 0.826, 'tension': 0.1005, 'rhythmicActivity': 0.2543147809926166, 'harmonyWidth': 0.826, 'gestureEvent': 'none', 'promptHints': ['ambient sparse texture', 'bright open harmony']}
[backend] 17:22:01 INFO: MagentaEngine: control params density=0.254 brightness=0.826 tension=0.101 rhythmicActivity=0.254 harmonyWidth=0.826 gestureEvent=none prompt=ambient slow texture | bright open harmony | wide harmonic field | ambient sparse texture | bright open harmony
[backend] 17:22:02 INFO: MagentaEngine: generated audio artifact mrt2_update_1780694522.wav (0.84s, 40320 samples).
[backend] 17:22:02 INFO: danceState {'energy': 7.15, 'openness': 0.826, 'rotation': -0.124, 'smile': 0.0, 'mouthOpen': 0.09, 'leftArmHeight': 'LOW', 'rightArmHeight': 'LOW', 'gestureLeft': 'none', 'gestureRight': 'none', 'timestamp': 1780694462464}
[backend] 17:22:02 INFO: musicState {'rawEnergy': 7.15, 'normalizedEnergy': 0.254308581564055, 'density': 0.254308581564055, 'brightness': 0.826, 'tension': 0.1005, 'rhythmicActivity': 0.254308581564055, 'harmonyWidth': 0.826, 'gestureEvent': 'none', 'promptHints': ['ambient sparse texture', 'bright open harmony']}
[backend] 17:22:02 INFO: MagentaEngine: control params density=0.254 brightness=0.826 tension=0.101 rhythmicActivity=0.254 harmonyWidth=0.826 gestureEvent=none prompt=ambient slow texture | bright open harmony | wide harmonic field | ambient sparse texture | bright open harmony
[backend] 17:22:03 INFO: MagentaEngine: generated audio artifact mrt2_update_1780694523.wav (0.84s, 40320 samples).
[backend] 17:22:03 INFO: danceState {'energy': 7.15, 'openness': 0.826, 'rotation': -0.124, 'smile': 0.0, 'mouthOpen': 0.09, 'leftArmHeight': 'LOW', 'rightArmHeight': 'LOW', 'gestureLeft': 'none', 'gestureRight': 'none', 'timestamp': 1780694463463}
[backend] 17:22:03 INFO: musicState {'rawEnergy': 7.15, 'normalizedEnergy': 0.25430287808977825, 'density': 0.25430287808977825, 'brightness': 0.826, 'tension': 0.1005, 'rhythmicActivity': 0.25430287808977825, 'harmonyWidth': 0.826, 'gestureEvent': 'none', 'promptHints': ['ambient sparse texture', 'bright open harmony']}
[backend] 17:22:03 INFO: MagentaEngine: control params density=0.254 brightness=0.826 tension=0.101 rhythmicActivity=0.254 harmonyWidth=0.826 gestureEvent=none prompt=ambient slow texture | bright open harmony | wide harmonic field | ambient sparse texture | bright open harmony
[backend] 17:22:04 INFO: MagentaEngine: generated audio artifact mrt2_update_1780694524.wav (0.84s, 40320 samples).
[backend] 17:22:04 INFO: danceState {'energy': 7.15, 'openness': 0.826, 'rotation': -0.124, 'smile': 0.0, 'mouthOpen': 0.09, 'leftArmHeight': 'LOW', 'rightArmHeight': 'LOW', 'gestureLeft': 'none', 'gestureRight': 'none', 'timestamp': 1780694464464}
[backend] 17:22:04 INFO: musicState {'rawEnergy': 7.15, 'normalizedEnergy': 0.2542976308934437, 'density': 0.2542976308934437, 'brightness': 0.826, 'tension': 0.1005, 'rhythmicActivity': 0.2542976308934437, 'harmonyWidth': 0.826, 'gestureEvent': 'none', 'promptHints': ['ambient sparse texture', 'bright open harmony']}
[backend] 17:22:04 INFO: MagentaEngine: control params density=0.254 brightness=0.826 tension=0.101 rhythmicActivity=0.254 harmonyWidth=0.826 gestureEvent=none prompt=ambient slow texture | bright open harmony | wide harmonic field | ambient sparse texture | bright open harmony
[backend] 17:22:06 INFO: MagentaEngine: generated audio artifact mrt2_update_1780694526.wav (0.84s, 40320 samples).
[backend] 17:22:06 INFO: danceState {'energy': 7.15, 'openness': 0.826, 'rotation': -0.124, 'smile': 0.0, 'mouthOpen': 0.09, 'leftArmHeight': 'LOW', 'rightArmHeight': 'LOW', 'gestureLeft': 'none', 'gestureRight': 'none', 'timestamp': 1780694465464}
[backend] 17:22:06 INFO: musicState {'rawEnergy': 7.15, 'normalizedEnergy': 0.2542928034728155, 'density': 0.2542928034728155, 'brightness': 0.826, 'tension': 0.1005, 'rhythmicActivity': 0.2542928034728155, 'harmonyWidth': 0.826, 'gestureEvent': 'none', 'promptHints': ['ambient sparse texture', 'bright open harmony']}
[backend] 17:22:06 INFO: MagentaEngine: control params density=0.254 brightness=0.826 tension=0.101 rhythmicActivity=0.254 harmonyWidth=0.826 gestureEvent=none prompt=ambient slow texture | bright open harmony | wide harmonic field | ambient sparse texture | bright open harmony
[backend] 17:22:07 INFO: MagentaEngine: generated audio artifact mrt2_update_1780694527.wav (0.84s, 40320 samples).
[backend] 17:22:07 INFO: danceState {'energy': 7.15, 'openness': 0.826, 'rotation': -0.124, 'smile': 0.0, 'mouthOpen': 0.09, 'leftArmHeight': 'LOW', 'rightArmHeight': 'LOW', 'gestureLeft': 'none', 'gestureRight': 'none', 'timestamp': 1780694466462}
[backend] 17:22:07 INFO: musicState {'rawEnergy': 7.15, 'normalizedEnergy': 0.25428836224583795, 'density': 0.25428836224583795, 'brightness': 0.826, 'tension': 0.1005, 'rhythmicActivity': 0.25428836224583795, 'harmonyWidth': 0.826, 'gestureEvent': 'none', 'promptHints': ['ambient sparse texture', 'bright open harmony']}
[backend] 17:22:07 INFO: MagentaEngine: control params density=0.254 brightness=0.826 tension=0.101 rhythmicActivity=0.254 harmonyWidth=0.826 gestureEvent=none prompt=ambient slow texture | bright open harmony | wide harmonic field | ambient sparse texture | bright open harmony
[backend] 17:22:08 INFO: MagentaEngine: generated audio artifact mrt2_update_1780694528.wav (0.84s, 40320 samples).
[backend] 17:22:08 INFO: danceState {'energy': 7.15, 'openness': 0.826, 'rotation': -0.124, 'smile': 0.0, 'mouthOpen': 0.09, 'leftArmHeight': 'LOW', 'rightArmHeight': 'LOW', 'gestureLeft': 'none', 'gestureRight': 'none', 'timestamp': 1780694467463}
[backend] 17:22:08 INFO: musicState {'rawEnergy': 7.15, 'normalizedEnergy': 0.2542842763170186, 'density': 0.2542842763170186, 'brightness': 0.826, 'tension': 0.1005, 'rhythmicActivity': 0.2542842763170186, 'harmonyWidth': 0.826, 'gestureEvent': 'none', 'promptHints': ['ambient sparse texture', 'bright open harmony']}
[backend] 17:22:08 INFO: MagentaEngine: control params density=0.254 brightness=0.826 tension=0.101 rhythmicActivity=0.254 harmonyWidth=0.826 gestureEvent=none prompt=ambient slow texture | bright open harmony | wide harmonic field | ambient sparse texture | bright open harmony
[backend] 17:22:10 INFO: MagentaEngine: generated audio artifact mrt2_update_1780694530.wav (0.84s, 40320 samples).
[backend] 17:22:10 INFO: danceState {'energy': 7.15, 'openness': 0.826, 'rotation': -0.124, 'smile': 0.0, 'mouthOpen': 0.09, 'leftArmHeight': 'LOW', 'rightArmHeight': 'LOW', 'gestureLeft': 'none', 'gestureRight': 'none', 'timestamp': 1780694468465}
[backend] 17:22:10 INFO: musicState {'rawEnergy': 7.15, 'normalizedEnergy': 0.2542805172625051, 'density': 0.2542805172625051, 'brightness': 0.826, 'tension': 0.1005, 'rhythmicActivity': 0.2542805172625051, 'harmonyWidth': 0.826, 'gestureEvent': 'none', 'promptHints': ['ambient sparse texture', 'bright open harmony']}
[backend] 17:22:10 INFO: MagentaEngine: control params density=0.254 brightness=0.826 tension=0.101 rhythmicActivity=0.254 harmonyWidth=0.826 gestureEvent=none prompt=ambient slow texture | bright open harmony | wide harmonic field | ambient sparse texture | bright open harmony
[backend] 17:22:11 INFO: MagentaEngine: generated audio artifact mrt2_update_1780694531.wav (0.84s, 40320 samples).
[backend] 17:22:11 INFO: danceState {'energy': 7.15, 'openness': 0.826, 'rotation': -0.124, 'smile': 0.0, 'mouthOpen': 0.09, 'leftArmHeight': 'LOW', 'rightArmHeight': 'LOW', 'gestureLeft': 'none', 'gestureRight': 'none', 'timestamp': 1780694469463}
[backend] 17:22:11 INFO: musicState {'rawEnergy': 7.15, 'normalizedEnergy': 0.2542770589323526, 'density': 0.2542770589323526, 'brightness': 0.826, 'tension': 0.1005, 'rhythmicActivity': 0.2542770589323526, 'harmonyWidth': 0.826, 'gestureEvent': 'none', 'promptHints': ['ambient sparse texture', 'bright open harmony']}
[backend] 17:22:11 INFO: MagentaEngine: control params density=0.254 brightness=0.826 tension=0.101 rhythmicActivity=0.254 harmonyWidth=0.826 gestureEvent=none prompt=ambient slow texture | bright open harmony | wide harmonic field | ambient sparse texture | bright open harmony
[backend] 17:22:12 INFO: MagentaEngine: generated audio artifact mrt2_update_1780694532.wav (0.84s, 40320 samples).
[backend] 17:22:12 INFO: danceState {'energy': 7.15, 'openness': 0.826, 'rotation': -0.124, 'smile': 0.0, 'mouthOpen': 0.09, 'leftArmHeight': 'LOW', 'rightArmHeight': 'LOW', 'gestureLeft': 'none', 'gestureRight': 'none', 'timestamp': 1780694470465}
[backend] 17:22:12 INFO: musicState {'rawEnergy': 7.15, 'normalizedEnergy': 0.2542738772686123, 'density': 0.2542738772686123, 'brightness': 0.826, 'tension': 0.1005, 'rhythmicActivity': 0.2542738772686123, 'harmonyWidth': 0.826, 'gestureEvent': 'none', 'promptHints': ['ambient sparse texture', 'bright open harmony']}
[backend] 17:22:12 INFO: MagentaEngine: control params density=0.254 brightness=0.826 tension=0.101 rhythmicActivity=0.254 harmonyWidth=0.826 gestureEvent=none prompt=ambient slow texture | bright open harmony | wide harmonic field | ambient sparse texture | bright open harmony
[backend] 17:22:14 INFO: MagentaEngine: generated audio artifact mrt2_update_1780694534.wav (0.84s, 40320 samples).
[backend] 17:22:14 INFO: danceState {'energy': 7.15, 'openness': 0.826, 'rotation': -0.124, 'smile': 0.0, 'mouthOpen': 0.09, 'leftArmHeight': 'LOW', 'rightArmHeight': 'LOW', 'gestureLeft': 'none', 'gestureRight': 'none', 'timestamp': 1780694471463}
[backend] 17:22:14 INFO: musicState {'rawEnergy': 7.15, 'normalizedEnergy': 0.2542709501379712, 'density': 0.2542709501379712, 'brightness': 0.826, 'tension': 0.1005, 'rhythmicActivity': 0.2542709501379712, 'harmonyWidth': 0.826, 'gestureEvent': 'none', 'promptHints': ['ambient sparse texture', 'bright open harmony']}
[backend] 17:22:14 INFO: MagentaEngine: control params density=0.254 brightness=0.826 tension=0.101 rhythmicActivity=0.254 harmonyWidth=0.826 gestureEvent=none prompt=ambient slow texture | bright open harmony | wide harmonic field | ambient sparse texture | bright open harmony
[backend] 17:22:15 INFO: MagentaEngine: generated audio artifact mrt2_update_1780694535.wav (0.84s, 40320 samples).
[backend] 17:22:15 INFO: danceState {'energy': 7.15, 'openness': 0.826, 'rotation': -0.124, 'smile': 0.0, 'mouthOpen': 0.09, 'leftArmHeight': 'LOW', 'rightArmHeight': 'LOW', 'gestureLeft': 'none', 'gestureRight': 'none', 'timestamp': 1780694472464}
[backend] 17:22:15 INFO: musicState {'rawEnergy': 7.15, 'normalizedEnergy': 0.2542682571777814, 'density': 0.2542682571777814, 'brightness': 0.826, 'tension': 0.1005, 'rhythmicActivity': 0.2542682571777814, 'harmonyWidth': 0.826, 'gestureEvent': 'none', 'promptHints': ['ambient sparse texture', 'bright open harmony']}
[backend] 17:22:15 INFO: MagentaEngine: control params density=0.254 brightness=0.826 tension=0.101 rhythmicActivity=0.254 harmonyWidth=0.826 gestureEvent=none prompt=ambient slow texture | bright open harmony | wide harmonic field | ambient sparse texture | bright open harmony
[backend] 17:22:16 INFO: MagentaEngine: generated audio artifact mrt2_update_1780694536.wav (0.84s, 40320 samples).
[backend] 17:22:16 INFO: danceState {'energy': 7.15, 'openness': 0.826, 'rotation': -0.124, 'smile': 0.0, 'mouthOpen': 0.09, 'leftArmHeight': 'LOW', 'rightArmHeight': 'LOW', 'gestureLeft': 'none', 'gestureRight': 'none', 'timestamp': 1780694473465}
[backend] 17:22:16 INFO: musicState {'rawEnergy': 7.15, 'normalizedEnergy': 0.2542657796544068, 'density': 0.2542657796544068, 'brightness': 0.826, 'tension': 0.1005, 'rhythmicActivity': 0.2542657796544068, 'harmonyWidth': 0.826, 'gestureEvent': 'none', 'promptHints': ['ambient sparse texture', 'bright open harmony']}
[backend] 17:22:16 INFO: MagentaEngine: control params density=0.254 brightness=0.826 tension=0.101 rhythmicActivity=0.254 harmonyWidth=0.826 gestureEvent=none prompt=ambient slow texture | bright open harmony | wide harmonic field | ambient sparse texture | bright open harmony
[backend] 17:22:17 INFO: MagentaEngine: generated audio artifact mrt2_update_1780694537.wav (0.84s, 40320 samples).
[backend] 17:22:17 INFO: danceState {'energy': 7.15, 'openness': 0.826, 'rotation': -0.124, 'smile': 0.0, 'mouthOpen': 0.09, 'leftArmHeight': 'LOW', 'rightArmHeight': 'LOW', 'gestureLeft': 'none', 'gestureRight': 'none', 'timestamp': 1780694474465}
[backend] 17:22:17 INFO: musicState {'rawEnergy': 7.15, 'normalizedEnergy': 0.2542635003329021, 'density': 0.2542635003329021, 'brightness': 0.826, 'tension': 0.1005, 'rhythmicActivity': 0.2542635003329021, 'harmonyWidth': 0.826, 'gestureEvent': 'none', 'promptHints': ['ambient sparse texture', 'bright open harmony']}
[backend] 17:22:17 INFO: MagentaEngine: control params density=0.254 brightness=0.826 tension=0.101 rhythmicActivity=0.254 harmonyWidth=0.826 gestureEvent=none prompt=ambient slow texture | bright open harmony | wide harmonic field | ambient sparse texture | bright open harmony
[backend] 17:22:19 INFO: MagentaEngine: generated audio artifact mrt2_update_1780694539.wav (0.84s, 40320 samples).
[backend] 17:22:19 INFO: danceState {'energy': 7.15, 'openness': 0.826, 'rotation': -0.124, 'smile': 0.0, 'mouthOpen': 0.09, 'leftArmHeight': 'LOW', 'rightArmHeight': 'LOW', 'gestureLeft': 'none', 'gestureRight': 'none', 'timestamp': 1780694475464}
[backend] 17:22:19 INFO: musicState {'rawEnergy': 7.15, 'normalizedEnergy': 0.25426140335711783, 'density': 0.25426140335711783, 'brightness': 0.826, 'tension': 0.1005, 'rhythmicActivity': 0.25426140335711783, 'harmonyWidth': 0.826, 'gestureEvent': 'none', 'promptHints': ['ambient sparse texture', 'bright open harmony']}
[backend] 17:22:19 INFO: MagentaEngine: control params density=0.254 brightness=0.826 tension=0.101 rhythmicActivity=0.254 harmonyWidth=0.826 gestureEvent=none prompt=ambient slow texture | bright open harmony | wide harmonic field | ambient sparse texture | bright open harmony
[backend] 17:22:20 INFO: MagentaEngine: generated audio artifact mrt2_update_1780694540.wav (0.84s, 40320 samples).
[backend] 17:22:20 INFO: danceState {'energy': 7.15, 'openness': 0.826, 'rotation': -0.124, 'smile': 0.0, 'mouthOpen': 0.09, 'leftArmHeight': 'LOW', 'rightArmHeight': 'LOW', 'gestureLeft': 'none', 'gestureRight': 'none', 'timestamp': 1780694476465}
[backend] 17:22:20 INFO: musicState {'rawEnergy': 7.15, 'normalizedEnergy': 0.2542594741393963, 'density': 0.2542594741393963, 'brightness': 0.826, 'tension': 0.1005, 'rhythmicActivity': 0.2542594741393963, 'harmonyWidth': 0.826, 'gestureEvent': 'none', 'promptHints': ['ambient sparse texture', 'bright open harmony']}
[backend] 17:22:20 INFO: MagentaEngine: control params density=0.254 brightness=0.826 tension=0.101 rhythmicActivity=0.254 harmonyWidth=0.826 gestureEvent=none prompt=ambient slow texture | bright open harmony | wide harmonic field | ambient sparse texture | bright open harmony
[backend] 17:22:21 INFO: MagentaEngine: generated audio artifact mrt2_update_1780694541.wav (0.84s, 40320 samples).
[backend] 17:22:21 INFO: danceState {'energy': 7.15, 'openness': 0.826, 'rotation': -0.124, 'smile': 0.0, 'mouthOpen': 0.09, 'leftArmHeight': 'LOW', 'rightArmHeight': 'LOW', 'gestureLeft': 'none', 'gestureRight': 'none', 'timestamp': 1780694477463}
[backend] 17:22:21 INFO: musicState {'rawEnergy': 7.15, 'normalizedEnergy': 0.2542576992590925, 'density': 0.2542576992590925, 'brightness': 0.826, 'tension': 0.1005, 'rhythmicActivity': 0.2542576992590925, 'harmonyWidth': 0.826, 'gestureEvent': 'none', 'promptHints': ['ambient sparse texture', 'bright open harmony']}
[backend] 17:22:21 INFO: MagentaEngine: control params density=0.254 brightness=0.826 tension=0.101 rhythmicActivity=0.254 harmonyWidth=0.826 gestureEvent=none prompt=ambient slow texture | bright open harmony | wide harmonic field | ambient sparse texture | bright open harmony
[backend] 17:22:23 INFO: MagentaEngine: generated audio artifact mrt2_update_1780694543.wav (0.84s, 40320 samples).
[backend] 17:22:23 INFO: danceState {'energy': 7.15, 'openness': 0.826, 'rotation': -0.124, 'smile': 0.0, 'mouthOpen': 0.09, 'leftArmHeight': 'LOW', 'rightArmHeight': 'LOW', 'gestureLeft': 'none', 'gestureRight': 'none', 'timestamp': 1780694478463}
[backend] 17:22:23 INFO: musicState {'rawEnergy': 7.15, 'normalizedEnergy': 0.25425606636921294, 'density': 0.25425606636921294, 'brightness': 0.826, 'tension': 0.1005, 'rhythmicActivity': 0.25425606636921294, 'harmonyWidth': 0.826, 'gestureEvent': 'none', 'promptHints': ['ambient sparse texture', 'bright open harmony']}
[backend] 17:22:23 INFO: MagentaEngine: control params density=0.254 brightness=0.826 tension=0.101 rhythmicActivity=0.254 harmonyWidth=0.826 gestureEvent=none prompt=ambient slow texture | bright open harmony | wide harmonic field | ambient sparse texture | bright open harmony
[backend] 17:22:24 INFO: MagentaEngine: generated audio artifact mrt2_update_1780694544.wav (0.84s, 40320 samples).
[backend] 17:22:24 INFO: danceState {'energy': 7.15, 'openness': 0.826, 'rotation': -0.124, 'smile': 0.0, 'mouthOpen': 0.09, 'leftArmHeight': 'LOW', 'rightArmHeight': 'LOW', 'gestureLeft': 'none', 'gestureRight': 'none', 'timestamp': 1780694479463}
[backend] 17:22:24 INFO: musicState {'rawEnergy': 7.15, 'normalizedEnergy': 0.2542545641105238, 'density': 0.2542545641105238, 'brightness': 0.826, 'tension': 0.1005, 'rhythmicActivity': 0.2542545641105238, 'harmonyWidth': 0.826, 'gestureEvent': 'none', 'promptHints': ['ambient sparse texture', 'bright open harmony']}
[backend] 17:22:24 INFO: MagentaEngine: control params density=0.254 brightness=0.826 tension=0.101 rhythmicActivity=0.254 harmonyWidth=0.826 gestureEvent=none prompt=ambient slow texture | bright open harmony | wide harmonic field | ambient sparse texture | bright open harmony
[backend] 17:22:25 INFO: MagentaEngine: generated audio artifact mrt2_update_1780694545.wav (0.84s, 40320 samples).
[backend] 17:22:25 INFO: danceState {'energy': 7.15, 'openness': 0.826, 'rotation': -0.124, 'smile': 0.0, 'mouthOpen': 0.09, 'leftArmHeight': 'LOW', 'rightArmHeight': 'LOW', 'gestureLeft': 'none', 'gestureRight': 'none', 'timestamp': 1780694480465}
[backend] 17:22:25 INFO: musicState {'rawEnergy': 7.15, 'normalizedEnergy': 0.2542531820325298, 'density': 0.2542531820325298, 'brightness': 0.826, 'tension': 0.1005, 'rhythmicActivity': 0.2542531820325298, 'harmonyWidth': 0.826, 'gestureEvent': 'none', 'promptHints': ['ambient sparse texture', 'bright open harmony']}
[backend] 17:22:25 INFO: MagentaEngine: control params density=0.254 brightness=0.826 tension=0.101 rhythmicActivity=0.254 harmonyWidth=0.826 gestureEvent=none prompt=ambient slow texture | bright open harmony | wide harmonic field | ambient sparse texture | bright open harmony
[backend] 17:22:27 INFO: MagentaEngine: generated audio artifact mrt2_update_1780694547.wav (0.84s, 40320 samples).
[backend] 17:22:27 INFO: danceState {'energy': 7.15, 'openness': 0.826, 'rotation': -0.124, 'smile': 0.0, 'mouthOpen': 0.09, 'leftArmHeight': 'LOW', 'rightArmHeight': 'LOW', 'gestureLeft': 'none', 'gestureRight': 'none', 'timestamp': 1780694481464}
[backend] 17:22:27 INFO: musicState {'rawEnergy': 7.15, 'normalizedEnergy': 0.2542519105207753, 'density': 0.2542519105207753, 'brightness': 0.826, 'tension': 0.1005, 'rhythmicActivity': 0.2542519105207753, 'harmonyWidth': 0.826, 'gestureEvent': 'none', 'promptHints': ['ambient sparse texture', 'bright open harmony']}
[backend] 17:22:27 INFO: MagentaEngine: control params density=0.254 brightness=0.826 tension=0.101 rhythmicActivity=0.254 harmonyWidth=0.826 gestureEvent=none prompt=ambient slow texture | bright open harmony | wide harmonic field | ambient sparse texture | bright open harmony
[backend] 17:22:28 INFO: MagentaEngine: generated audio artifact mrt2_update_1780694548.wav (0.84s, 40320 samples).
[backend] 17:22:28 INFO: danceState {'energy': 7.15, 'openness': 0.826, 'rotation': -0.124, 'smile': 0.0, 'mouthOpen': 0.09, 'leftArmHeight': 'LOW', 'rightArmHeight': 'LOW', 'gestureLeft': 'none', 'gestureRight': 'none', 'timestamp': 1780694482462}
[backend] 17:22:28 INFO: musicState {'rawEnergy': 7.15, 'normalizedEnergy': 0.2542507407299611, 'density': 0.2542507407299611, 'brightness': 0.826, 'tension': 0.1005, 'rhythmicActivity': 0.2542507407299611, 'harmonyWidth': 0.826, 'gestureEvent': 'none', 'promptHints': ['ambient sparse texture', 'bright open harmony']}
[backend] 17:22:28 INFO: MagentaEngine: control params density=0.254 brightness=0.826 tension=0.101 rhythmicActivity=0.254 harmonyWidth=0.826 gestureEvent=none prompt=ambient slow texture | bright open harmony | wide harmonic field | ambient sparse texture | bright open harmony
[backend] 17:22:29 INFO: MagentaEngine: generated audio artifact mrt2_update_1780694549.wav (0.84s, 40320 samples).
[backend] 17:22:29 INFO: danceState {'energy': 7.15, 'openness': 0.826, 'rotation': -0.124, 'smile': 0.0, 'mouthOpen': 0.09, 'leftArmHeight': 'LOW', 'rightArmHeight': 'LOW', 'gestureLeft': 'none', 'gestureRight': 'none', 'timestamp': 1780694483464}
[backend] 17:22:29 INFO: musicState {'rawEnergy': 7.15, 'normalizedEnergy': 0.2542496645224121, 'density': 0.2542496645224121, 'brightness': 0.826, 'tension': 0.1005, 'rhythmicActivity': 0.2542496645224121, 'harmonyWidth': 0.826, 'gestureEvent': 'none', 'promptHints': ['ambient sparse texture', 'bright open harmony']}
[backend] 17:22:29 INFO: MagentaEngine: control params density=0.254 brightness=0.826 tension=0.101 rhythmicActivity=0.254 harmonyWidth=0.826 gestureEvent=none prompt=ambient slow texture | bright open harmony | wide harmonic field | ambient sparse texture | bright open harmony
[backend] 17:22:31 INFO: MagentaEngine: generated audio artifact mrt2_update_1780694551.wav (0.84s, 40320 samples).
[backend] 17:22:31 INFO: Frontend disconnected with error: sent 1011 (internal error) keepalive ping timeout; no close frame received
[backend] 17:22:31 INFO: Frontend disconnected: ('127.0.0.1', 56064)
[backend] 17:22:31 INFO: connection open
[backend] 17:22:31 INFO: Frontend connected: ('127.0.0.1', 56083)
[backend] 17:22:31 INFO: connection open
[backend] 17:22:31 INFO: Frontend connected: ('127.0.0.1', 56099)
[backend] 17:22:31 INFO: danceState {'energy': 7.15, 'openness': 0.826, 'rotation': -0.124, 'smile': 0.0, 'mouthOpen': 0.09, 'leftArmHeight': 'LOW', 'rightArmHeight': 'LOW', 'gestureLeft': 'none', 'gestureRight': 'none', 'timestamp': 1780694551464}
[backend] 17:22:31 INFO: musicState {'rawEnergy': 7.15, 'normalizedEnergy': 0.25424867441146703, 'density': 0.25424867441146703, 'brightness': 0.826, 'tension': 0.1005, 'rhythmicActivity': 0.25424867441146703, 'harmonyWidth': 0.826, 'gestureEvent': 'none', 'promptHints': ['ambient sparse texture', 'bright open harmony']}
[backend] 17:22:31 INFO: MagentaEngine: control params density=0.254 brightness=0.826 tension=0.101 rhythmicActivity=0.254 harmonyWidth=0.826 gestureEvent=none prompt=ambient slow texture | bright open harmony | wide harmonic field | ambient sparse texture | bright open harmony
[backend] 17:22:32 INFO: MagentaEngine: generated audio artifact mrt2_update_1780694552.wav (0.84s, 40320 samples).
[backend] 17:22:32 INFO: danceState {'energy': 13.4796, 'openness': 0.7536799999999999, 'rotation': 0.11344, 'smile': 0.0096, 'mouthOpen': 0.06119999999999999, 'leftArmHeight': 'LOW', 'rightArmHeight': 'MID', 'gestureLeft': 'none', 'gestureRight': 'none', 'timestamp': 1780694551465}
[backend] 17:22:32 INFO: musicState {'rawEnergy': 13.4796, 'normalizedEnergy': 0.3139087804585497, 'density': 0.3139087804585497, 'brightness': 0.7550239999999999, 'tension': 0.10501200000000001, 'rhythmicActivity': 0.3139087804585497, 'harmonyWidth': 0.7536799999999999, 'gestureEvent': 'none', 'promptHints': ['moving rhythm', 'bright open harmony']}
[backend] 17:22:32 INFO: MagentaEngine: control params density=0.314 brightness=0.755 tension=0.105 rhythmicActivity=0.314 harmonyWidth=0.754 gestureEvent=none prompt=ambient slow texture | bright open harmony | wide harmonic field | moving rhythm | bright open harmony
[backend] 17:22:34 INFO: MagentaEngine: generated audio artifact mrt2_update_1780694554.wav (0.92s, 44160 samples).
[backend] 17:22:34 INFO: danceState {'energy': 17.783727999999996, 'openness': 0.7045024, 'rotation': 0.2748992, 'smile': 0.016127999999999997, 'mouthOpen': 0.041615999999999986, 'leftArmHeight': 'LOW', 'rightArmHeight': 'MID', 'gestureLeft': 'none', 'gestureRight': 'none', 'timestamp': 1780694552465}
[backend] 17:22:34 INFO: musicState {'rawEnergy': 17.783727999999996, 'normalizedEnergy': 0.36879607802186576, 'density': 0.36879607802186576, 'brightness': 0.70676032, 'tension': 0.20926416, 'rhythmicActivity': 0.36879607802186576, 'harmonyWidth': 0.7045024, 'gestureEvent': 'none', 'promptHints': ['moving rhythm', 'bright open harmony']}
[backend] 17:22:34 INFO: MagentaEngine: control params density=0.369 brightness=0.707 tension=0.209 rhythmicActivity=0.369 harmonyWidth=0.705 gestureEvent=none prompt=steady rhythmic pulse | bright open harmony | wide harmonic field | moving rhythm | bright open harmony
[backend] 17:22:35 INFO: MagentaEngine: generated audio artifact mrt2_update_1780694555.wav (1.04s, 49920 samples).
[backend] 17:22:35 INFO: danceState {'energy': 14.380935039999997, 'openness': 0.743381632, 'rotation': 0.147251456, 'smile': 0.010967039999999997, 'mouthOpen': 0.05709887999999999, 'leftArmHeight': 'LOW', 'rightArmHeight': 'LOW', 'gestureLeft': 'none', 'gestureRight': 'none', 'timestamp': 1780694552465}
[backend] 17:22:35 INFO: musicState {'rawEnergy': 14.380935039999997, 'normalizedEnergy': 0.40046278143254066, 'density': 0.40046278143254066, 'brightness': 0.7449170176, 'tension': 0.1268436288, 'rhythmicActivity': 0.40046278143254066, 'harmonyWidth': 0.743381632, 'gestureEvent': 'none', 'promptHints': ['moving rhythm', 'bright open harmony']}
[backend] 17:22:35 INFO: MagentaEngine: control params density=0.400 brightness=0.745 tension=0.127 rhythmicActivity=0.400 harmonyWidth=0.743 gestureEvent=none prompt=steady rhythmic pulse | bright open harmony | wide harmonic field | moving rhythm | bright open harmony
[backend] 17:22:37 INFO: MagentaEngine: generated audio artifact mrt2_update_1780694557.wav (1.08s, 51840 samples).
[backend] 17:22:37 INFO: danceState {'energy': 18.396635827199997, 'openness': 0.6974995097599999, 'rotation': 0.29789099008, 'smile': 0.017057587199999995, 'mouthOpen': 0.03882723839999999, 'leftArmHeight': 'LOW', 'rightArmHeight': 'MID', 'gestureLeft': 'none', 'gestureRight': 'none', 'timestamp': 1780694553463}
[backend] 17:22:37 INFO: musicState {'rawEnergy': 18.396635827199997, 'normalizedEnergy': 0.4426533377276509, 'density': 0.4426533377276509, 'brightness': 0.6998875719679999, 'tension': 0.22410966758400003, 'rhythmicActivity': 0.4426533377276509, 'harmonyWidth': 0.6974995097599999, 'gestureEvent': 'none', 'promptHints': ['moving rhythm', 'bright open harmony']}
[backend] 17:22:37 INFO: MagentaEngine: control params density=0.443 brightness=0.700 tension=0.224 rhythmicActivity=0.443 harmonyWidth=0.697 gestureEvent=none prompt=steady rhythmic pulse | bright open harmony | wide harmonic field | moving rhythm | bright open harmony
[backend] 17:22:39 INFO: MagentaEngine: generated audio artifact mrt2_update_1780694559.wav (1.12s, 53760 samples).
[backend] 17:22:39 INFO: danceState {'energy': 21.127312362495996, 'openness': 0.6662996666367998, 'rotation': 0.40032587325439994, 'smile': 0.021199159295999994, 'mouthOpen': 0.02640252211199999, 'leftArmHeight': 'LOW', 'rightArmHeight': 'MID', 'gestureLeft': 'none', 'gestureRight': 'none', 'timestamp': 1780694554465}
[backend] 17:22:39 INFO: musicState {'rawEnergy': 21.127312362495996, 'normalizedEnergy': 0.48139067610745956, 'density': 0.48139067610745956, 'brightness': 0.6692675489382398, 'tension': 0.29025057395711995, 'rhythmicActivity': 0.48139067610745956, 'harmonyWidth': 0.6662996666367998, 'gestureEvent': 'none', 'promptHints': ['moving rhythm', 'bright open harmony']}
[backend] 17:22:39 INFO: MagentaEngine: control params density=0.481 brightness=0.669 tension=0.290 rhythmicActivity=0.481 harmonyWidth=0.666 gestureEvent=none prompt=steady rhythmic pulse | bright open harmony | wide harmonic field | moving rhythm | bright open harmony
[backend] 17:22:41 INFO: MagentaEngine: generated audio artifact mrt2_update_1780694561.wav (1.20s, 57600 samples).
[backend] 17:22:41 INFO: danceState {'energy': 22.984172406497276, 'openness': 0.6450837733130239, 'rotation': 0.4699815938129919, 'smile': 0.024015428321279994, 'mouthOpen': 0.01795371503615999, 'leftArmHeight': 'LOW', 'rightArmHeight': 'MID', 'gestureLeft': 'none', 'gestureRight': 'none', 'timestamp': 1780694555466}
[backend] 17:22:41 INFO: musicState {'rawEnergy': 22.984172406497276, 'normalizedEnergy': 0.5132375522468141, 'density': 0.5132375522468141, 'brightness': 0.6484459332780032, 'tension': 0.33522639029084156, 'rhythmicActivity': 0.5132375522468141, 'harmonyWidth': 0.6450837733130239, 'gestureEvent': 'none', 'promptHints': ['moving rhythm', 'bright open harmony']}
[backend] 17:22:41 INFO: MagentaEngine: control params density=0.513 brightness=0.648 tension=0.335 rhythmicActivity=0.513 harmonyWidth=0.645 gestureEvent=none prompt=steady rhythmic pulse | bright open harmony | wide harmonic field | moving rhythm | bright open harmony
[backend] 17:22:43 INFO: MagentaEngine: generated audio artifact mrt2_update_1780694563.wav (1.24s, 59520 samples).
[backend] 17:22:43 INFO: danceState {'energy': 24.246837236418145, 'openness': 0.6306569658528562, 'rotation': 0.5173474837928345, 'smile': 0.02593049125847039, 'mouthOpen': 0.012208526224588793, 'leftArmHeight': 'LOW', 'rightArmHeight': 'MID', 'gestureLeft': 'none', 'gestureRight': 'none', 'timestamp': 1780694556463}
[backend] 17:22:43 INFO: musicState {'rawEnergy': 24.246837236418145, 'normalizedEnergy': 0.5381350623117851, 'density': 0.5381350623117851, 'brightness': 0.6342872346290421, 'tension': 0.36580994539777223, 'rhythmicActivity': 0.5381350623117851, 'harmonyWidth': 0.6306569658528562, 'gestureEvent': 'none', 'promptHints': ['moving rhythm', 'bright open harmony']}
[backend] 17:22:43 INFO: MagentaEngine: control params density=0.538 brightness=0.634 tension=0.366 rhythmicActivity=0.538 harmonyWidth=0.631 gestureEvent=none prompt=steady rhythmic pulse | bright open harmony | wide harmonic field | moving rhythm | bright open harmony
[backend] 17:22:45 INFO: MagentaEngine: generated audio artifact mrt2_update_1780694565.wav (1.28s, 61440 samples).
[backend] 17:22:45 INFO: danceState {'energy': 25.105449320764336, 'openness': 0.6208467367799422, 'rotation': 0.5495562889791274, 'smile': 0.027232734055759864, 'mouthOpen': 0.008301797832720378, 'leftArmHeight': 'LOW', 'rightArmHeight': 'MID', 'gestureLeft': 'none', 'gestureRight': 'none', 'timestamp': 1780694557464}
[backend] 17:22:45 INFO: musicState {'rawEnergy': 25.105449320764336, 'normalizedEnergy': 0.556891422359614, 'density': 0.556891422359614, 'brightness': 0.6246593195477486, 'tension': 0.3866067628704851, 'rhythmicActivity': 0.556891422359614, 'harmonyWidth': 0.6208467367799422, 'gestureEvent': 'none', 'promptHints': ['moving rhythm', 'bright open harmony']}
[backend] 17:22:45 INFO: MagentaEngine: control params density=0.557 brightness=0.625 tension=0.387 rhythmicActivity=0.557 harmonyWidth=0.621 gestureEvent=none prompt=steady rhythmic pulse | bright open harmony | wide harmonic field | moving rhythm | bright open harmony
[backend] 17:22:47 INFO: MagentaEngine: generated audio artifact mrt2_update_1780694567.wav (1.32s, 63360 samples).
[backend] 17:22:47 INFO: danceState {'energy': 19.359705538119748, 'openness': 0.6864957810103607, 'rotation': 0.3340182765058066, 'smile': 0.018518259157916706, 'mouthOpen': 0.034445222526249854, 'leftArmHeight': 'LOW', 'rightArmHeight': 'LOW', 'gestureLeft': 'none', 'gestureRight': 'none', 'timestamp': 1780694553464}
[backend] 17:22:47 INFO: musicState {'rawEnergy': 19.359705538119748, 'normalizedEnergy': 0.5520830878466079, 'density': 0.5520830878466079, 'brightness': 0.689088337292469, 'tension': 0.24743659875192986, 'rhythmicActivity': 0.5520830878466079, 'harmonyWidth': 0.6864957810103607, 'gestureEvent': 'none', 'promptHints': ['moving rhythm', 'bright open harmony']}
[backend] 17:22:47 INFO: MagentaEngine: control params density=0.552 brightness=0.689 tension=0.247 rhythmicActivity=0.552 harmonyWidth=0.686 gestureEvent=none prompt=steady rhythmic pulse | bright open harmony | wide harmonic field | moving rhythm | bright open harmony
[backend] 17:22:49 INFO: MagentaEngine: generated audio artifact mrt2_update_1780694569.wav (1.28s, 61440 samples).
[backend] 17:22:49 INFO: danceState {'energy': 15.452599765921427, 'openness': 0.7311371310870451, 'rotation': 0.1874524280239485, 'smile': 0.012592416227383359, 'mouthOpen': 0.0522227513178499, 'leftArmHeight': 'LOW', 'rightArmHeight': 'LOW', 'gestureLeft': 'none', 'gestureRight': 'none', 'timestamp': 1780694554465}
[backend] 17:22:49 INFO: musicState {'rawEnergy': 15.452599765921427, 'normalizedEnergy': 0.5331085286218166, 'density': 0.5331085286218166, 'brightness': 0.7329000693588789, 'tension': 0.1528008871513123, 'rhythmicActivity': 0.5331085286218166, 'harmonyWidth': 0.7311371310870451, 'gestureEvent': 'none', 'promptHints': ['moving rhythm', 'bright open harmony']}
[backend] 17:22:49 INFO: MagentaEngine: control params density=0.533 brightness=0.733 tension=0.153 rhythmicActivity=0.533 harmonyWidth=0.731 gestureEvent=none prompt=steady rhythmic pulse | bright open harmony | wide harmonic field | moving rhythm | bright open harmony
[backend] 17:22:52 INFO: MagentaEngine: generated audio artifact mrt2_update_1780694572.wav (1.28s, 61440 samples).
[backend] 17:22:52 INFO: danceState {'energy': 12.795767840826569, 'openness': 0.7614932491391906, 'rotation': 0.08778765105628497, 'smile': 0.008562843034620684, 'mouthOpen': 0.06431147089613792, 'leftArmHeight': 'LOW', 'rightArmHeight': 'LOW', 'gestureLeft': 'none', 'gestureRight': 'none', 'timestamp': 1780694555462}
[backend] 17:22:52 INFO: musicState {'rawEnergy': 12.795767840826569, 'normalizedEnergy': 0.505728035401558, 'density': 0.505728035401558, 'brightness': 0.7626920471640375, 'tension': 0.08844860326289239, 'rhythmicActivity': 0.505728035401558, 'harmonyWidth': 0.7614932491391906, 'gestureEvent': 'none', 'promptHints': ['moving rhythm', 'bright open harmony']}
[backend] 17:22:52 INFO: MagentaEngine: control params density=0.506 brightness=0.763 tension=0.088 rhythmicActivity=0.506 harmonyWidth=0.761 gestureEvent=none prompt=steady rhythmic pulse | bright open harmony | wide harmonic field | moving rhythm | bright open harmony
[backend] 17:22:54 INFO: MagentaEngine: generated audio artifact mrt2_update_1780694574.wav (1.24s, 59520 samples).
[backend] 17:22:54 INFO: danceState {'energy': 10.989122131762066, 'openness': 0.7821354094146495, 'rotation': 0.020015602718273774, 'smile': 0.005822733263542064, 'mouthOpen': 0.07253180020937378, 'leftArmHeight': 'LOW', 'rightArmHeight': 'LOW', 'gestureLeft': 'none', 'gestureRight': 'none', 'timestamp': 1780694556466}
[backend] 17:22:54 INFO: musicState {'rawEnergy': 10.989122131762066, 'normalizedEnergy': 0.4739584187775487, 'density': 0.4739584187775487, 'brightness': 0.7829505920715454, 'tension': 0.04468905021876683, 'rhythmicActivity': 0.4739584187775487, 'harmonyWidth': 0.7821354094146495, 'gestureEvent': 'none', 'promptHints': ['moving rhythm', 'bright open harmony']}
[backend] 17:22:54 INFO: MagentaEngine: control params density=0.474 brightness=0.783 tension=0.045 rhythmicActivity=0.474 harmonyWidth=0.782 gestureEvent=none prompt=steady rhythmic pulse | bright open harmony | wide harmonic field | moving rhythm | bright open harmony
[backend] 17:22:56 INFO: MagentaEngine: generated audio artifact mrt2_update_1780694576.wav (1.20s, 57600 samples).
[backend] 17:22:56 INFO: danceState {'energy': 9.760603049598204, 'openness': 0.7961720784019617, 'rotation': -0.026069390151573835, 'smile': 0.0039594586192086036, 'mouthOpen': 0.07812162414237417, 'leftArmHeight': 'LOW', 'rightArmHeight': 'LOW', 'gestureLeft': 'none', 'gestureRight': 'none', 'timestamp': 1780694557464}
[backend] 17:22:56 INFO: musicState {'rawEnergy': 9.760603049598204, 'normalizedEnergy': 0.44062218233254735, 'density': 0.44062218233254735, 'brightness': 0.7967264026086509, 'tension': 0.04621582233065004, 'rhythmicActivity': 0.44062218233254735, 'harmonyWidth': 0.7961720784019617, 'gestureEvent': 'none', 'promptHints': ['moving rhythm', 'bright open harmony']}
[backend] 17:22:56 INFO: MagentaEngine: control params density=0.441 brightness=0.797 tension=0.046 rhythmicActivity=0.441 harmonyWidth=0.796 gestureEvent=none prompt=steady rhythmic pulse | bright open harmony | wide harmonic field | moving rhythm | bright open harmony
[backend] 17:22:58 INFO: MagentaEngine: generated audio artifact mrt2_update_1780694578.wav (1.12s, 53760 samples).
[backend] 17:22:58 INFO: danceState {'energy': 8.925210073726777, 'openness': 0.8057170133133339, 'rotation': -0.05740718530307021, 'smile': 0.00269243186106185, 'mouthOpen': 0.08192270441681443, 'leftArmHeight': 'LOW', 'rightArmHeight': 'LOW', 'gestureLeft': 'none', 'gestureRight': 'none', 'timestamp': 1780694558462}
[backend] 17:22:58 INFO: musicState {'rawEnergy': 8.925210073726777, 'normalizedEnergy': 0.4076125582719688, 'density': 0.4076125582719688, 'brightness': 0.8060939537738826, 'tension': 0.06358675918484205, 'rhythmicActivity': 0.4076125582719688, 'harmonyWidth': 0.8057170133133339, 'gestureEvent': 'none', 'promptHints': ['moving rhythm', 'bright open harmony']}
[backend] 17:22:58 INFO: MagentaEngine: control params density=0.408 brightness=0.806 tension=0.064 rhythmicActivity=0.408 harmonyWidth=0.806 gestureEvent=none prompt=steady rhythmic pulse | bright open harmony | wide harmonic field | moving rhythm | bright open harmony
[backend] 17:23:00 INFO: MagentaEngine: generated audio artifact mrt2_update_1780694580.wav (1.08s, 51840 samples).
[backend] 17:23:00 INFO: danceState {'energy': 8.357142850134208, 'openness': 0.812207569053067, 'rotation': -0.07871688600608773, 'smile': 0.001830853665522058, 'mouthOpen': 0.0845074390034338, 'leftArmHeight': 'LOW', 'rightArmHeight': 'LOW', 'gestureLeft': 'none', 'gestureRight': 'none', 'timestamp': 1780694559465}
[backend] 17:23:00 INFO: musicState {'rawEnergy': 8.357142850134208, 'normalizedEnergy': 0.3761132895837825, 'density': 0.3761132895837825, 'brightness': 0.8124638885662401, 'tension': 0.07539899624569259, 'rhythmicActivity': 0.3761132895837825, 'harmonyWidth': 0.812207569053067, 'gestureEvent': 'none', 'promptHints': ['moving rhythm', 'bright open harmony']}
[backend] 17:23:00 INFO: MagentaEngine: control params density=0.376 brightness=0.812 tension=0.075 rhythmicActivity=0.376 harmonyWidth=0.812 gestureEvent=none prompt=steady rhythmic pulse | bright open harmony | wide harmonic field | moving rhythm | bright open harmony
[backend] 17:23:02 INFO: MagentaEngine: generated audio artifact mrt2_update_1780694582.wav (1.04s, 49920 samples).
[backend] 17:23:02 INFO: danceState {'energy': 7.970857138091261, 'openness': 0.8166211469560856, 'rotation': -0.09320748248413965, 'smile': 0.0012449804925549993, 'mouthOpen': 0.08626505852233499, 'leftArmHeight': 'LOW', 'rightArmHeight': 'LOW', 'gestureLeft': 'none', 'gestureRight': 'none', 'timestamp': 1780694560465}
[backend] 17:23:02 INFO: musicState {'rawEnergy': 7.970857138091261, 'normalizedEnergy': 0.346797649209162, 'density': 0.346797649209162, 'brightness': 0.8167954442250432, 'tension': 0.08343131744707097, 'rhythmicActivity': 0.346797649209162, 'harmonyWidth': 0.8166211469560856, 'gestureEvent': 'none', 'promptHints': ['moving rhythm', 'bright open harmony']}
[backend] 17:23:02 INFO: MagentaEngine: control params density=0.347 brightness=0.817 tension=0.083 rhythmicActivity=0.347 harmonyWidth=0.817 gestureEvent=none prompt=ambient slow texture | bright open harmony | wide harmonic field | moving rhythm | bright open harmony
[backend] 17:23:03 INFO: MagentaEngine: generated audio artifact mrt2_update_1780694583.wav (1.00s, 48000 samples).
[backend] 17:23:03 INFO: danceState {'energy': 7.708182853902057, 'openness': 0.8196223799301381, 'rotation': -0.10306108808921496, 'smile': 0.0008465867349373994, 'mouthOpen': 0.08746023979518779, 'leftArmHeight': 'LOW', 'rightArmHeight': 'LOW', 'gestureLeft': 'none', 'gestureRight': 'none', 'timestamp': 1780694561466}
[backend] 17:23:03 INFO: musicState {'rawEnergy': 7.708182853902057, 'normalizedEnergy': 0.31999234534711796, 'density': 0.31999234534711796, 'brightness': 0.8197409020730293, 'tension': 0.08889329586400826, 'rhythmicActivity': 0.31999234534711796, 'harmonyWidth': 0.8196223799301381, 'gestureEvent': 'none', 'promptHints': ['moving rhythm', 'bright open harmony']}
[backend] 17:23:03 INFO: MagentaEngine: control params density=0.320 brightness=0.820 tension=0.089 rhythmicActivity=0.320 harmonyWidth=0.820 gestureEvent=none prompt=ambient slow texture | bright open harmony | wide harmonic field | moving rhythm | bright open harmony
[backend] 17:23:05 INFO: MagentaEngine: generated audio artifact mrt2_update_1780694585.wav (0.96s, 46080 samples).
[backend] 17:23:05 INFO: danceState {'energy': 7.5295643406533985, 'openness': 0.8216632183524939, 'rotation': -0.10976153990066617, 'smile': 0.0005756789797574316, 'mouthOpen': 0.08827296306072768, 'leftArmHeight': 'LOW', 'rightArmHeight': 'LOW', 'gestureLeft': 'none', 'gestureRight': 'none', 'timestamp': 1780694562465}
[backend] 17:23:05 INFO: musicState {'rawEnergy': 7.5295643406533985, 'normalizedEnergy': 0.29580021188326977, 'density': 0.29580021188326977, 'brightness': 0.82174381340966, 'tension': 0.09260744118752562, 'rhythmicActivity': 0.29580021188326977, 'harmonyWidth': 0.8216632183524939, 'gestureEvent': 'none', 'promptHints': ['ambient sparse texture', 'bright open harmony']}
[backend] 17:23:05 INFO: MagentaEngine: control params density=0.296 brightness=0.822 tension=0.093 rhythmicActivity=0.296 harmonyWidth=0.822 gestureEvent=none prompt=ambient slow texture | bright open harmony | wide harmonic field | ambient sparse texture | bright open harmony
[backend] 17:23:07 INFO: MagentaEngine: generated audio artifact mrt2_update_1780694587.wav (0.92s, 44160 samples).
[backend] 17:23:07 INFO: danceState {'energy': 7.408103751644311, 'openness': 0.8230509884796958, 'rotation': -0.114317847132453, 'smile': 0.0003914617062350534, 'mouthOpen': 0.08882561488129481, 'leftArmHeight': 'LOW', 'rightArmHeight': 'LOW', 'gestureLeft': 'none', 'gestureRight': 'none', 'timestamp': 1780694563464}
[backend] 17:23:07 INFO: musicState {'rawEnergy': 7.408103751644311, 'normalizedEnergy': 0.27418603824057525, 'density': 0.27418603824057525, 'brightness': 0.8231057931185687, 'tension': 0.09513306000751742, 'rhythmicActivity': 0.27418603824057525, 'harmonyWidth': 0.8230509884796958, 'gestureEvent': 'none', 'promptHints': ['ambient sparse texture', 'bright open harmony']}
[backend] 17:23:07 INFO: MagentaEngine: control params density=0.274 brightness=0.823 tension=0.095 rhythmicActivity=0.274 harmonyWidth=0.823 gestureEvent=none prompt=ambient slow texture | bright open harmony | wide harmonic field | ambient sparse texture | bright open harmony
[backend] 17:23:08 INFO: MagentaEngine: generated audio artifact mrt2_update_1780694588.wav (0.88s, 42240 samples).
[backend] 17:23:08 INFO: danceState {'energy': 7.325510551118131, 'openness': 0.8239946721661932, 'rotation': -0.11741613605006804, 'smile': 0.0002661939602398363, 'mouthOpen': 0.08920141811928047, 'leftArmHeight': 'LOW', 'rightArmHeight': 'LOW', 'gestureLeft': 'none', 'gestureRight': 'none', 'timestamp': 1780694564463}
[backend] 17:23:08 INFO: musicState {'rawEnergy': 7.325510551118131, 'normalizedEnergy': 0.2550339744402668, 'density': 0.2550339744402668, 'brightness': 0.8240319393206267, 'tension': 0.09685048080511185, 'rhythmicActivity': 0.2550339744402668, 'harmonyWidth': 0.8239946721661932, 'gestureEvent': 'none', 'promptHints': ['ambient sparse texture', 'bright open harmony']}
[backend] 17:23:08 INFO: MagentaEngine: control params density=0.255 brightness=0.824 tension=0.097 rhythmicActivity=0.255 harmonyWidth=0.824 gestureEvent=none prompt=ambient slow texture | bright open harmony | wide harmonic field | ambient sparse texture | bright open harmony
[backend] 17:23:10 INFO: MagentaEngine: generated audio artifact mrt2_update_1780694590.wav (0.84s, 40320 samples).
[backend] 17:23:10 INFO: danceState {'energy': 7.269347174760329, 'openness': 0.8246363770730113, 'rotation': -0.11952297251404626, 'smile': 0.00018101189296308866, 'mouthOpen': 0.08945696432111071, 'leftArmHeight': 'LOW', 'rightArmHeight': 'LOW', 'gestureLeft': 'none', 'gestureRight': 'none', 'timestamp': 1780694565465}
[backend] 17:23:10 INFO: musicState {'rawEnergy': 7.269347174760329, 'normalizedEnergy': 0.2381847586034104, 'density': 0.2381847586034104, 'brightness': 0.8246617187380261, 'tension': 0.09801832694747606, 'rhythmicActivity': 0.2381847586034104, 'harmonyWidth': 0.8246363770730113, 'gestureEvent': 'none', 'promptHints': ['ambient sparse texture', 'bright open harmony']}
[backend] 17:23:10 INFO: MagentaEngine: control params density=0.238 brightness=0.825 tension=0.098 rhythmicActivity=0.238 harmonyWidth=0.825 gestureEvent=none prompt=ambient slow texture | bright open harmony | wide harmonic field | ambient sparse texture | bright open harmony
[backend] 17:23:11 INFO: MagentaEngine: generated audio artifact mrt2_update_1780694591.wav (0.84s, 40320 samples).
[backend] 17:23:11 INFO: danceState {'energy': 7.2311560788370235, 'openness': 0.8250727364096476, 'rotation': -0.12095562130955145, 'smile': 0.00012308808721490027, 'mouthOpen': 0.08963073573835528, 'leftArmHeight': 'LOW', 'rightArmHeight': 'LOW', 'gestureLeft': 'none', 'gestureRight': 'none', 'timestamp': 1780694566466}
[backend] 17:23:11 INFO: musicState {'rawEnergy': 7.2311560788370235, 'normalizedEnergy': 0.22345928242542482, 'density': 0.22345928242542482, 'brightness': 0.8250899687418577, 'tension': 0.09881246232428373, 'rhythmicActivity': 0.22345928242542482, 'harmonyWidth': 0.8250727364096476, 'gestureEvent': 'none', 'promptHints': ['ambient sparse texture', 'bright open harmony']}
[backend] 17:23:11 INFO: MagentaEngine: control params density=0.223 brightness=0.825 tension=0.099 rhythmicActivity=0.223 harmonyWidth=0.825 gestureEvent=none prompt=ambient slow texture | bright open harmony | wide harmonic field | ambient sparse texture | bright open harmony
[backend] 17:23:13 INFO: MagentaEngine: generated audio artifact mrt2_update_1780694593.wav (0.80s, 38400 samples).
[backend] 17:23:13 INFO: danceState {'energy': 7.205186133609176, 'openness': 0.8253694607585603, 'rotation': -0.12192982249049497, 'smile': 8.369989930613218e-05, 'mouthOpen': 0.08974890030208159, 'leftArmHeight': 'LOW', 'rightArmHeight': 'LOW', 'gestureLeft': 'none', 'gestureRight': 'none', 'timestamp': 1780694567463}
[backend] 17:23:13 INFO: musicState {'rawEnergy': 7.205186133609176, 'normalizedEnergy': 0.21067315710449888, 'density': 0.21067315710449888, 'brightness': 0.8253811787444632, 'tension': 0.09935247438051294, 'rhythmicActivity': 0.21067315710449888, 'harmonyWidth': 0.8253694607585603, 'gestureEvent': 'none', 'promptHints': ['ambient sparse texture', 'bright open harmony']}
[backend] 17:23:13 INFO: MagentaEngine: control params density=0.211 brightness=0.825 tension=0.099 rhythmicActivity=0.211 harmonyWidth=0.825 gestureEvent=none prompt=ambient slow texture | bright open harmony | wide harmonic field | ambient sparse texture | bright open harmony
[backend] 17:23:14 INFO: MagentaEngine: generated audio artifact mrt2_update_1780694594.wav (0.80s, 38400 samples).
[backend] 17:23:14 INFO: danceState {'energy': 7.1875265708542395, 'openness': 0.8255712333158209, 'rotation': -0.12259227929353658, 'smile': 5.6915931528169874e-05, 'mouthOpen': 0.08982925220541547, 'leftArmHeight': 'LOW', 'rightArmHeight': 'LOW', 'gestureLeft': 'none', 'gestureRight': 'none', 'timestamp': 1780694568463}
[backend] 17:23:14 INFO: musicState {'rawEnergy': 7.1875265708542395, 'normalizedEnergy': 0.19964544969612835, 'density': 0.19964544969612835, 'brightness': 0.8255792015462349, 'tension': 0.09971968257874882, 'rhythmicActivity': 0.19964544969612835, 'harmonyWidth': 0.8255712333158209, 'gestureEvent': 'none', 'promptHints': ['ambient sparse texture', 'bright open harmony']}
[backend] 17:23:14 INFO: MagentaEngine: control params density=0.200 brightness=0.826 tension=0.100 rhythmicActivity=0.200 harmonyWidth=0.826 gestureEvent=none prompt=ambient slow texture | bright open harmony | wide harmonic field | ambient sparse texture | bright open harmony
[backend] 17:23:15 INFO: MagentaEngine: generated audio artifact mrt2_update_1780694595.wav (0.76s, 36480 samples).
[backend] 17:23:15 INFO: danceState {'energy': 7.175518068180883, 'openness': 0.8257084386547582, 'rotation': -0.12304274991960487, 'smile': 3.870283343915551e-05, 'mouthOpen': 0.08988389149968251, 'leftArmHeight': 'LOW', 'rightArmHeight': 'LOW', 'gestureLeft': 'none', 'gestureRight': 'none', 'timestamp': 1780694569464}
[backend] 17:23:15 INFO: musicState {'rawEnergy': 7.175518068180883, 'normalizedEnergy': 0.19020368720335837, 'density': 0.19020368720335837, 'brightness': 0.8257138570514396, 'tension': 0.0999693841535492, 'rhythmicActivity': 0.19020368720335837, 'harmonyWidth': 0.8257084386547582, 'gestureEvent': 'none', 'promptHints': ['ambient sparse texture', 'bright open harmony']}
[backend] 17:23:15 INFO: MagentaEngine: control params density=0.190 brightness=0.826 tension=0.100 rhythmicActivity=0.190 harmonyWidth=0.826 gestureEvent=none prompt=ambient slow texture | bright open harmony | wide harmonic field | ambient sparse texture | bright open harmony
[backend] 17:23:17 INFO: MagentaEngine: generated audio artifact mrt2_update_1780694597.wav (0.76s, 36480 samples).
[backend] 17:23:17 INFO: danceState {'energy': 7.167352286363, 'openness': 0.8258017382852355, 'rotation': -0.12334906994533129, 'smile': 2.6317926738625742e-05, 'mouthOpen': 0.0899210462197841, 'leftArmHeight': 'LOW', 'rightArmHeight': 'LOW', 'gestureLeft': 'none', 'gestureRight': 'none', 'timestamp': 1780694570465}
[backend] 17:23:17 INFO: musicState {'rawEnergy': 7.167352286363, 'normalizedEnergy': 0.1821864961157546, 'density': 0.1821864961157546, 'brightness': 0.8258054227949789, 'tension': 0.10013918122441345, 'rhythmicActivity': 0.1821864961157546, 'harmonyWidth': 0.8258017382852355, 'gestureEvent': 'none', 'promptHints': ['ambient sparse texture', 'bright open harmony']}
[backend] 17:23:17 INFO: MagentaEngine: control params density=0.182 brightness=0.826 tension=0.100 rhythmicActivity=0.182 harmonyWidth=0.826 gestureEvent=none prompt=ambient slow texture | bright open harmony | wide harmonic field | ambient sparse texture | bright open harmony
[backend] 17:23:18 INFO: MagentaEngine: generated audio artifact mrt2_update_1780694598.wav (0.72s, 34560 samples).
[backend] 17:23:18 INFO: danceState {'energy': 7.16179955472684, 'openness': 0.8258651820339601, 'rotation': -0.12355736756282526, 'smile': 1.7896190182265504e-05, 'mouthOpen': 0.08994631142945318, 'leftArmHeight': 'LOW', 'rightArmHeight': 'LOW', 'gestureLeft': 'none', 'gestureRight': 'none', 'timestamp': 1780694571463}
[backend] 17:23:18 INFO: musicState {'rawEnergy': 7.16179955472684, 'normalizedEnergy': 0.17544476250193472, 'density': 0.17544476250193472, 'brightness': 0.8258676875005856, 'tension': 0.10025464323260115, 'rhythmicActivity': 0.17544476250193472, 'harmonyWidth': 0.8258651820339601, 'gestureEvent': 'none', 'promptHints': ['ambient sparse texture', 'bright open harmony']}
[backend] 17:23:18 INFO: MagentaEngine: control params density=0.175 brightness=0.826 tension=0.100 rhythmicActivity=0.175 harmonyWidth=0.826 gestureEvent=none prompt=ambient slow texture | bright open harmony | wide harmonic field | ambient sparse texture | bright open harmony
[backend] 17:23:19 INFO: MagentaEngine: generated audio artifact mrt2_update_1780694599.wav (0.72s, 34560 samples).
[backend] 17:23:19 INFO: danceState {'energy': 7.158023697214251, 'openness': 0.8259083237830928, 'rotation': -0.12369900994272118, 'smile': 1.2169409323940541e-05, 'mouthOpen': 0.08996349177202816, 'leftArmHeight': 'LOW', 'rightArmHeight': 'LOW', 'gestureLeft': 'none', 'gestureRight': 'none', 'timestamp': 1780694572465}
[backend] 17:23:19 INFO: musicState {'rawEnergy': 7.158023697214251, 'normalizedEnergy': 0.1698418828791641, 'density': 0.1698418828791641, 'brightness': 0.8259100275003981, 'tension': 0.10033315739816878, 'rhythmicActivity': 0.1698418828791641, 'harmonyWidth': 0.8259083237830928, 'gestureEvent': 'none', 'promptHints': ['ambient sparse texture', 'bright open harmony']}
[backend] 17:23:19 INFO: MagentaEngine: control params density=0.170 brightness=0.826 tension=0.100 rhythmicActivity=0.170 harmonyWidth=0.826 gestureEvent=none prompt=ambient slow texture | bright open harmony | wide harmonic field | ambient sparse texture | bright open harmony
[backend] 17:23:20 INFO: MagentaEngine: generated audio artifact mrt2_update_1780694600.wav (0.72s, 34560 samples).
[backend] 17:23:20 INFO: danceState {'energy': 7.15545611410569, 'openness': 0.825937660172503, 'rotation': -0.1237953267610504, 'smile': 8.275198340279567e-06, 'mouthOpen': 0.08997517440497914, 'leftArmHeight': 'LOW', 'rightArmHeight': 'LOW', 'gestureLeft': 'none', 'gestureRight': 'none', 'timestamp': 1780694573465}
[backend] 17:23:20 INFO: musicState {'rawEnergy': 7.15545611410569, 'normalizedEnergy': 0.16525347188163023, 'density': 0.16525347188163023, 'brightness': 0.8259388187002706, 'tension': 0.10038654703075478, 'rhythmicActivity': 0.16525347188163023, 'harmonyWidth': 0.825937660172503, 'gestureEvent': 'none', 'promptHints': ['ambient sparse texture', 'bright open harmony']}
[backend] 17:23:20 INFO: MagentaEngine: control params density=0.165 brightness=0.826 tension=0.100 rhythmicActivity=0.165 harmonyWidth=0.826 gestureEvent=none prompt=ambient slow texture | bright open harmony | wide harmonic field | ambient sparse texture | bright open harmony
[backend] 17:23:21 INFO: MagentaEngine: generated audio artifact mrt2_update_1780694601.wav (0.72s, 34560 samples).
[backend] 17:23:21 INFO: danceState {'energy': 7.15371015759187, 'openness': 0.825957608917302, 'rotation': -0.12386082219751426, 'smile': 5.627134871390105e-06, 'mouthOpen': 0.08998311859538581, 'leftArmHeight': 'LOW', 'rightArmHeight': 'LOW', 'gestureLeft': 'none', 'gestureRight': 'none', 'timestamp': 1780694574465}
[backend] 17:23:21 INFO: musicState {'rawEnergy': 7.15371015759187, 'normalizedEnergy': 0.16156676059679256, 'density': 0.16156676059679256, 'brightness': 0.825958396716184, 'tension': 0.10042285198091326, 'rhythmicActivity': 0.16156676059679256, 'harmonyWidth': 0.825957608917302, 'gestureEvent': 'none', 'promptHints': ['ambient sparse texture', 'bright open harmony']}
[backend] 17:23:21 INFO: MagentaEngine: control params density=0.162 brightness=0.826 tension=0.100 rhythmicActivity=0.162 harmonyWidth=0.826 gestureEvent=none prompt=ambient slow texture | bright open harmony | wide harmonic field | ambient sparse texture | bright open harmony
[backend] 17:23:23 INFO: MagentaEngine: generated audio artifact mrt2_update_1780694603.wav (0.72s, 34560 samples).
[backend] 17:23:23 INFO: danceState {'energy': 7.152522907162471, 'openness': 0.8259711740637653, 'rotation': -0.12390535909430969, 'smile': 3.826451712545271e-06, 'mouthOpen': 0.08998852064486235, 'leftArmHeight': 'LOW', 'rightArmHeight': 'LOW', 'gestureLeft': 'none', 'gestureRight': 'none', 'timestamp': 1780694575465}
[backend] 17:23:23 INFO: musicState {'rawEnergy': 7.152522907162471, 'normalizedEnergy': 0.15867983393716753, 'density': 0.15867983393716753, 'brightness': 0.8259717097670051, 'tension': 0.10044753934702103, 'rhythmicActivity': 0.15867983393716753, 'harmonyWidth': 0.8259711740637653, 'gestureEvent': 'none', 'promptHints': ['ambient sparse texture', 'bright open harmony']}
[backend] 17:23:23 INFO: MagentaEngine: control params density=0.159 brightness=0.826 tension=0.100 rhythmicActivity=0.159 harmonyWidth=0.826 gestureEvent=none prompt=ambient slow texture | bright open harmony | wide harmonic field | ambient sparse texture | bright open harmony
[backend] 17:23:24 INFO: MagentaEngine: generated audio artifact mrt2_update_1780694604.wav (0.72s, 34560 samples).
[backend] 17:23:24 INFO: danceState {'energy': 7.15171557687048, 'openness': 0.8259803983633603, 'rotation': -0.12393564418413058, 'smile': 2.601987164530784e-06, 'mouthOpen': 0.08999219403850639, 'leftArmHeight': 'LOW', 'rightArmHeight': 'LOW', 'gestureLeft': 'none', 'gestureRight': 'none', 'timestamp': 1780694576465}
[backend] 17:23:24 INFO: musicState {'rawEnergy': 7.15171557687048, 'normalizedEnergy': 0.1565008000892125, 'density': 0.1565008000892125, 'brightness': 0.8259807626415634, 'tension': 0.10046432675597429, 'rhythmicActivity': 0.1565008000892125, 'harmonyWidth': 0.8259803983633603, 'gestureEvent': 'none', 'promptHints': ['ambient sparse texture', 'bright open harmony']}
[backend] 17:23:24 INFO: MagentaEngine: control params density=0.157 brightness=0.826 tension=0.100 rhythmicActivity=0.157 harmonyWidth=0.826 gestureEvent=none prompt=ambient slow texture | bright open harmony | wide harmonic field | ambient sparse texture | bright open harmony
[backend] 17:23:25 INFO: MagentaEngine: generated audio artifact mrt2_update_1780694605.wav (0.68s, 32640 samples).
[backend] 17:23:25 INFO: danceState {'energy': 7.151166592271926, 'openness': 0.825986670887085, 'rotation': -0.12395623804520878, 'smile': 1.769351271880933e-06, 'mouthOpen': 0.08999469194618434, 'leftArmHeight': 'LOW', 'rightArmHeight': 'LOW', 'gestureLeft': 'none', 'gestureRight': 'none', 'timestamp': 1780694577464}
[backend] 17:23:25 INFO: musicState {'rawEnergy': 7.151166592271926, 'normalizedEnergy': 0.15494694930135436, 'density': 0.15494694930135436, 'brightness': 0.825986918596263, 'tension': 0.10047574219406251, 'rhythmicActivity': 0.15494694930135436, 'harmonyWidth': 0.825986670887085, 'gestureEvent': 'none', 'promptHints': ['ambient sparse texture', 'bright open harmony']}
[backend] 17:23:25 INFO: MagentaEngine: control params density=0.155 brightness=0.826 tension=0.100 rhythmicActivity=0.155 harmonyWidth=0.826 gestureEvent=none prompt=ambient slow texture | bright open harmony | wide harmonic field | ambient sparse texture | bright open harmony
